obs_id,station_id,episode_id,x_m,y_m,inlet_height_m,site_type,interval_start_utc,interval_end_utc,no2_ug_m3,sigma_ug_m3
STA-E00-ST01-0,ST01,0,14000.0,118000.0,3.50,urban_traffic,1688457600,1688461200,2.6591,2.1124
STA-E00-ST01-1,ST01,0,14000.0,118000.0,3.50,urban_traffic,1688461200,1688464800,-1.6012,1.8292
STA-E00-ST01-2,ST01,0,14000.0,118000.0,3.50,urban_traffic,1688464800,1688468400,2.2573,2.1790
STA-E00-ST01-3,ST01,0,14000.0,118000.0,3.50,urban_traffic,1688468400,1688472000,-0.5451,2.0953
STA-E00-ST01-4,ST01,0,14000.0,118000.0,3.50,urban_traffic,1688472000,1688475600,4.8643,2.2102
STA-E00-ST01-5,ST01,0,14000.0,118000.0,3.50,urban_traffic,1688475600,1688479200,3.3120,1.7441
STA-E00-ST02-0,ST02,0,121500.0,101000.0,4.00,urban_background,1688457600,1688461200,12.0405,2.0987
STA-E00-ST02-1,ST02,0,121500.0,101000.0,4.00,urban_background,1688461200,1688464800,7.8349,1.7490
STA-E00-ST02-2,ST02,0,121500.0,101000.0,4.00,urban_background,1688464800,1688468400,5.8427,1.7970
STA-E00-ST02-3,ST02,0,121500.0,101000.0,4.00,urban_background,1688468400,1688472000,12.5112,2.0696
STA-E00-ST02-4,ST02,0,121500.0,101000.0,4.00,urban_background,1688472000,1688475600,10.2783,1.9849
STA-E00-ST02-5,ST02,0,121500.0,101000.0,4.00,urban_background,1688475600,1688479200,14.1384,2.2049
STA-E00-ST03-0,ST03,0,104000.0,88000.0,3.00,urban_traffic,1688457600,1688461200,5.5710,2.5515
STA-E00-ST03-1,ST03,0,104000.0,88000.0,3.00,urban_traffic,1688461200,1688464800,2.2588,2.8863
STA-E00-ST03-2,ST03,0,104000.0,88000.0,3.00,urban_traffic,1688464800,1688468400,3.2753,2.7940
STA-E00-ST03-3,ST03,0,104000.0,88000.0,3.00,urban_traffic,1688468400,1688472000,4.2437,3.3257
STA-E00-ST03-4,ST03,0,104000.0,88000.0,3.00,urban_traffic,1688472000,1688475600,2.2926,3.3194
STA-E00-ST03-5,ST03,0,104000.0,88000.0,3.00,urban_traffic,1688475600,1688479200,9.9642,2.9250
STA-E00-ST04-0,ST04,0,66000.0,132000.0,5.50,suburban_industrial,1688457600,1688461200,1.4584,2.6116
STA-E00-ST04-1,ST04,0,66000.0,132000.0,5.50,suburban_industrial,1688461200,1688464800,-5.1598,2.8967
STA-E00-ST04-2,ST04,0,66000.0,132000.0,5.50,suburban_industrial,1688464800,1688468400,2.5892,3.3759
STA-E00-ST04-3,ST04,0,66000.0,132000.0,5.50,suburban_industrial,1688468400,1688472000,-0.9157,2.9057
STA-E00-ST04-4,ST04,0,66000.0,132000.0,5.50,suburban_industrial,1688472000,1688475600,-2.6634,3.4264
STA-E00-ST04-5,ST04,0,66000.0,132000.0,5.50,suburban_industrial,1688475600,1688479200,-1.7784,3.3699
STA-E00-ST05-0,ST05,0,191000.0,92000.0,3.50,urban_traffic,1688457600,1688461200,1.0446,1.8910
STA-E00-ST05-1,ST05,0,191000.0,92000.0,3.50,urban_traffic,1688461200,1688464800,4.4826,1.9387
STA-E00-ST05-2,ST05,0,191000.0,92000.0,3.50,urban_traffic,1688464800,1688468400,-0.3249,1.9323
STA-E00-ST05-3,ST05,0,191000.0,92000.0,3.50,urban_traffic,1688468400,1688472000,-0.1420,1.9415
STA-E00-ST05-4,ST05,0,191000.0,92000.0,3.50,urban_traffic,1688472000,1688475600,3.6532,2.0384
STA-E00-ST05-5,ST05,0,191000.0,92000.0,3.50,urban_traffic,1688475600,1688479200,1.0163,2.1080
STA-E00-ST06-0,ST06,0,209000.0,118000.0,8.00,suburban_background,1688457600,1688461200,3.0566,2.9066
STA-E00-ST06-1,ST06,0,209000.0,118000.0,8.00,suburban_background,1688461200,1688464800,1.3509,2.8803
STA-E00-ST06-2,ST06,0,209000.0,118000.0,8.00,suburban_background,1688464800,1688468400,2.0632,3.0651
STA-E00-ST06-3,ST06,0,209000.0,118000.0,8.00,suburban_background,1688468400,1688472000,2.4009,3.6392
STA-E00-ST06-4,ST06,0,209000.0,118000.0,8.00,suburban_background,1688472000,1688475600,3.6922,3.1447
STA-E00-ST06-5,ST06,0,209000.0,118000.0,8.00,suburban_background,1688475600,1688479200,6.3782,2.9171
STA-E00-ST07-0,ST07,0,72000.0,24000.0,4.50,rural_background,1688457600,1688461200,3.2584,2.3411
STA-E00-ST07-1,ST07,0,72000.0,24000.0,4.50,rural_background,1688461200,1688464800,0.3293,2.1628
STA-E00-ST07-2,ST07,0,72000.0,24000.0,4.50,rural_background,1688464800,1688468400,2.0571,2.2747
STA-E00-ST07-3,ST07,0,72000.0,24000.0,4.50,rural_background,1688468400,1688472000,-0.2087,1.7594
STA-E00-ST07-4,ST07,0,72000.0,24000.0,4.50,rural_background,1688472000,1688475600,3.3888,2.3607
STA-E00-ST07-5,ST07,0,72000.0,24000.0,4.50,rural_background,1688475600,1688479200,2.8432,2.0706
STA-E00-ST08-0,ST08,0,144000.0,28000.0,3.00,rural_traffic,1688457600,1688461200,1.0195,2.0428
STA-E00-ST08-1,ST08,0,144000.0,28000.0,3.00,rural_traffic,1688461200,1688464800,0.5320,1.8403
STA-E00-ST08-2,ST08,0,144000.0,28000.0,3.00,rural_traffic,1688464800,1688468400,1.7041,2.0741
STA-E00-ST08-3,ST08,0,144000.0,28000.0,3.00,rural_traffic,1688468400,1688472000,1.5790,2.1632
STA-E00-ST08-4,ST08,0,144000.0,28000.0,3.00,rural_traffic,1688472000,1688475600,2.1781,2.1535
STA-E00-ST08-5,ST08,0,144000.0,28000.0,3.00,rural_traffic,1688475600,1688479200,3.2885,1.8569
STA-E00-ST09-0,ST09,0,30000.0,66000.0,4.00,suburban_traffic,1688457600,1688461200,9.5873,1.7315
STA-E00-ST09-1,ST09,0,30000.0,66000.0,4.00,suburban_traffic,1688461200,1688464800,2.2993,2.0978
STA-E00-ST09-2,ST09,0,30000.0,66000.0,4.00,suburban_traffic,1688464800,1688468400,2.7965,2.1541
STA-E00-ST09-3,ST09,0,30000.0,66000.0,4.00,suburban_traffic,1688468400,1688472000,5.8975,1.9035
STA-E00-ST09-4,ST09,0,30000.0,66000.0,4.00,suburban_traffic,1688472000,1688475600,6.8267,2.0321
STA-E00-ST09-5,ST09,0,30000.0,66000.0,4.00,suburban_traffic,1688475600,1688479200,6.1239,1.6486
STA-E00-ST10-0,ST10,0,96000.0,60000.0,6.00,rural_background,1688457600,1688461200,1.3675,3.6331
STA-E00-ST10-1,ST10,0,96000.0,60000.0,6.00,rural_background,1688461200,1688464800,1.1198,2.9573
STA-E00-ST10-2,ST10,0,96000.0,60000.0,6.00,rural_background,1688464800,1688468400,-3.6476,3.6718
STA-E00-ST10-3,ST10,0,96000.0,60000.0,6.00,rural_background,1688468400,1688472000,-0.1933,3.7034
STA-E00-ST10-4,ST10,0,96000.0,60000.0,6.00,rural_background,1688472000,1688475600,6.9473,3.7470
STA-E00-ST10-5,ST10,0,96000.0,60000.0,6.00,rural_background,1688475600,1688479200,-1.3206,3.0440
STA-E00-ST11-0,ST11,0,176000.0,152000.0,5.00,suburban_background,1688457600,1688461200,3.5155,3.8604
STA-E00-ST11-1,ST11,0,176000.0,152000.0,5.00,suburban_background,1688461200,1688464800,6.5529,3.3478
STA-E00-ST11-2,ST11,0,176000.0,152000.0,5.00,suburban_background,1688464800,1688468400,1.0514,3.3377
STA-E00-ST11-3,ST11,0,176000.0,152000.0,5.00,suburban_background,1688468400,1688472000,-3.4834,3.4598
STA-E00-ST11-4,ST11,0,176000.0,152000.0,5.00,suburban_background,1688472000,1688475600,2.0275,3.0334
STA-E00-ST11-5,ST11,0,176000.0,152000.0,5.00,suburban_background,1688475600,1688479200,2.1973,2.8908
STA-E00-ST12-0,ST12,0,46000.0,158000.0,9.50,rural_background,1688457600,1688461200,0.6086,2.8928
STA-E00-ST12-1,ST12,0,46000.0,158000.0,9.50,rural_background,1688461200,1688464800,2.2716,2.7869
STA-E00-ST12-2,ST12,0,46000.0,158000.0,9.50,rural_background,1688464800,1688468400,-0.8711,2.9146
STA-E00-ST12-3,ST12,0,46000.0,158000.0,9.50,rural_background,1688468400,1688472000,-0.8913,3.1533
STA-E00-ST12-4,ST12,0,46000.0,158000.0,9.50,rural_background,1688472000,1688475600,-3.3067,3.2019
STA-E00-ST12-5,ST12,0,46000.0,158000.0,9.50,rural_background,1688475600,1688479200,1.2400,3.4805
STA-E01-ST01-0,ST01,1,14000.0,118000.0,3.50,urban_traffic,1688886000,1688889600,4.8995,1.8988
STA-E01-ST01-1,ST01,1,14000.0,118000.0,3.50,urban_traffic,1688889600,1688893200,6.5355,2.0745
STA-E01-ST01-2,ST01,1,14000.0,118000.0,3.50,urban_traffic,1688893200,1688896800,0.6584,2.2981
STA-E01-ST01-3,ST01,1,14000.0,118000.0,3.50,urban_traffic,1688896800,1688900400,3.9268,2.1084
STA-E01-ST01-4,ST01,1,14000.0,118000.0,3.50,urban_traffic,1688900400,1688904000,4.1805,1.9579
STA-E01-ST01-5,ST01,1,14000.0,118000.0,3.50,urban_traffic,1688904000,1688907600,2.8048,1.9116
STA-E01-ST02-0,ST02,1,121500.0,101000.0,4.00,urban_background,1688886000,1688889600,18.0023,1.8038
STA-E01-ST02-1,ST02,1,121500.0,101000.0,4.00,urban_background,1688889600,1688893200,12.2546,1.9473
STA-E01-ST02-2,ST02,1,121500.0,101000.0,4.00,urban_background,1688893200,1688896800,10.3143,1.7451
STA-E01-ST02-3,ST02,1,121500.0,101000.0,4.00,urban_background,1688896800,1688900400,7.2357,2.2286
STA-E01-ST02-4,ST02,1,121500.0,101000.0,4.00,urban_background,1688900400,1688904000,6.5180,2.0485
STA-E01-ST02-5,ST02,1,121500.0,101000.0,4.00,urban_background,1688904000,1688907600,11.6461,1.9007
STA-E01-ST03-0,ST03,1,104000.0,88000.0,3.00,urban_traffic,1688886000,1688889600,32.0899,3.0852
STA-E01-ST03-1,ST03,1,104000.0,88000.0,3.00,urban_traffic,1688889600,1688893200,17.9038,3.0992
STA-E01-ST03-2,ST03,1,104000.0,88000.0,3.00,urban_traffic,1688893200,1688896800,18.1613,3.0346
STA-E01-ST03-3,ST03,1,104000.0,88000.0,3.00,urban_traffic,1688896800,1688900400,9.9996,3.2988
STA-E01-ST03-4,ST03,1,104000.0,88000.0,3.00,urban_traffic,1688900400,1688904000,8.7428,2.5597
STA-E01-ST03-5,ST03,1,104000.0,88000.0,3.00,urban_traffic,1688904000,1688907600,15.1653,3.0547
STA-E01-ST04-0,ST04,1,66000.0,132000.0,5.50,suburban_industrial,1688886000,1688889600,9.8719,3.2932
STA-E01-ST04-1,ST04,1,66000.0,132000.0,5.50,suburban_industrial,1688889600,1688893200,7.5638,3.0259
STA-E01-ST04-2,ST04,1,66000.0,132000.0,5.50,suburban_industrial,1688893200,1688896800,4.4501,2.9920
STA-E01-ST04-3,ST04,1,66000.0,132000.0,5.50,suburban_industrial,1688896800,1688900400,1.0424,3.4543
STA-E01-ST04-4,ST04,1,66000.0,132000.0,5.50,suburban_industrial,1688900400,1688904000,7.4010,2.6584
STA-E01-ST04-5,ST04,1,66000.0,132000.0,5.50,suburban_industrial,1688904000,1688907600,7.7493,2.8340
STA-E01-ST05-0,ST05,1,191000.0,92000.0,3.50,urban_traffic,1688886000,1688889600,26.6025,1.8093
STA-E01-ST05-1,ST05,1,191000.0,92000.0,3.50,urban_traffic,1688889600,1688893200,15.5080,1.7295
STA-E01-ST05-2,ST05,1,191000.0,92000.0,3.50,urban_traffic,1688893200,1688896800,11.6159,1.7552
STA-E01-ST05-3,ST05,1,191000.0,92000.0,3.50,urban_traffic,1688896800,1688900400,6.7845,1.7282
STA-E01-ST05-4,ST05,1,191000.0,92000.0,3.50,urban_traffic,1688900400,1688904000,13.1670,1.9664
STA-E01-ST05-5,ST05,1,191000.0,92000.0,3.50,urban_traffic,1688904000,1688907600,14.6671,1.9199
STA-E01-ST06-0,ST06,1,209000.0,118000.0,8.00,suburban_background,1688886000,1688889600,5.4546,2.9790
STA-E01-ST06-1,ST06,1,209000.0,118000.0,8.00,suburban_background,1688889600,1688893200,5.6459,3.3938
STA-E01-ST06-2,ST06,1,209000.0,118000.0,8.00,suburban_background,1688893200,1688896800,5.7753,3.0932
STA-E01-ST06-3,ST06,1,209000.0,118000.0,8.00,suburban_background,1688896800,1688900400,-0.1640,2.9362
STA-E01-ST06-4,ST06,1,209000.0,118000.0,8.00,suburban_background,1688900400,1688904000,-0.5627,2.7596
STA-E01-ST06-5,ST06,1,209000.0,118000.0,8.00,suburban_background,1688904000,1688907600,1.4500,2.9662
STA-E01-ST07-0,ST07,1,72000.0,24000.0,4.50,rural_background,1688886000,1688889600,3.0104,1.9863
STA-E01-ST07-1,ST07,1,72000.0,24000.0,4.50,rural_background,1688889600,1688893200,5.9139,1.8733
STA-E01-ST07-2,ST07,1,72000.0,24000.0,4.50,rural_background,1688893200,1688896800,3.8781,1.9202
STA-E01-ST07-3,ST07,1,72000.0,24000.0,4.50,rural_background,1688896800,1688900400,2.1748,2.3356
STA-E01-ST07-4,ST07,1,72000.0,24000.0,4.50,rural_background,1688900400,1688904000,5.5061,1.9828
STA-E01-ST07-5,ST07,1,72000.0,24000.0,4.50,rural_background,1688904000,1688907600,8.5101,1.8850
STA-E01-ST08-0,ST08,1,144000.0,28000.0,3.00,rural_traffic,1688886000,1688889600,22.7089,2.0894
STA-E01-ST08-1,ST08,1,144000.0,28000.0,3.00,rural_traffic,1688889600,1688893200,14.7661,1.6643
STA-E01-ST08-2,ST08,1,144000.0,28000.0,3.00,rural_traffic,1688893200,1688896800,14.2184,1.7835
STA-E01-ST08-3,ST08,1,144000.0,28000.0,3.00,rural_traffic,1688896800,1688900400,12.6066,1.8836
STA-E01-ST08-4,ST08,1,144000.0,28000.0,3.00,rural_traffic,1688900400,1688904000,11.7591,2.0408
STA-E01-ST08-5,ST08,1,144000.0,28000.0,3.00,rural_traffic,1688904000,1688907600,13.2429,2.1609
STA-E01-ST09-0,ST09,1,30000.0,66000.0,4.00,suburban_traffic,1688886000,1688889600,43.4552,2.0963
STA-E01-ST09-1,ST09,1,30000.0,66000.0,4.00,suburban_traffic,1688889600,1688893200,34.0440,1.9534
STA-E01-ST09-2,ST09,1,30000.0,66000.0,4.00,suburban_traffic,1688893200,1688896800,28.1392,1.9754
STA-E01-ST09-3,ST09,1,30000.0,66000.0,4.00,suburban_traffic,1688896800,1688900400,24.8456,1.7696
STA-E01-ST09-4,ST09,1,30000.0,66000.0,4.00,suburban_traffic,1688900400,1688904000,23.8194,1.8387
STA-E01-ST09-5,ST09,1,30000.0,66000.0,4.00,suburban_traffic,1688904000,1688907600,23.6828,1.7805
STA-E01-ST10-0,ST10,1,96000.0,60000.0,6.00,rural_background,1688886000,1688889600,2.9511,3.6220
STA-E01-ST10-1,ST10,1,96000.0,60000.0,6.00,rural_background,1688889600,1688893200,8.1297,3.3334
STA-E01-ST10-2,ST10,1,96000.0,60000.0,6.00,rural_background,1688893200,1688896800,2.3221,3.3860
STA-E01-ST10-3,ST10,1,96000.0,60000.0,6.00,rural_background,1688896800,1688900400,1.4638,3.7970
STA-E01-ST10-4,ST10,1,96000.0,60000.0,6.00,rural_background,1688900400,1688904000,7.4725,3.3865
STA-E01-ST10-5,ST10,1,96000.0,60000.0,6.00,rural_background,1688904000,1688907600,1.1304,3.5486
STA-E01-ST11-0,ST11,1,176000.0,152000.0,5.00,suburban_background,1688886000,1688889600,1.2756,2.9968
STA-E01-ST11-1,ST11,1,176000.0,152000.0,5.00,suburban_background,1688889600,1688893200,4.5609,3.4356
STA-E01-ST11-2,ST11,1,176000.0,152000.0,5.00,suburban_background,1688893200,1688896800,-0.8225,3.1017
STA-E01-ST11-3,ST11,1,176000.0,152000.0,5.00,suburban_background,1688896800,1688900400,4.0737,3.7537
STA-E01-ST11-4,ST11,1,176000.0,152000.0,5.00,suburban_background,1688900400,1688904000,-0.9910,2.9558
STA-E01-ST11-5,ST11,1,176000.0,152000.0,5.00,suburban_background,1688904000,1688907600,2.7576,2.9239
STA-E01-ST12-0,ST12,1,46000.0,158000.0,9.50,rural_background,1688886000,1688889600,2.9168,3.1821
STA-E01-ST12-1,ST12,1,46000.0,158000.0,9.50,rural_background,1688889600,1688893200,4.5893,2.9119
STA-E01-ST12-2,ST12,1,46000.0,158000.0,9.50,rural_background,1688893200,1688896800,1.9834,3.3032
STA-E01-ST12-3,ST12,1,46000.0,158000.0,9.50,rural_background,1688896800,1688900400,-0.7634,2.5868
STA-E01-ST12-4,ST12,1,46000.0,158000.0,9.50,rural_background,1688900400,1688904000,-0.5599,2.9883
STA-E01-ST12-5,ST12,1,46000.0,158000.0,9.50,rural_background,1688904000,1688907600,3.6892,2.7948
STA-E02-ST01-0,ST01,2,14000.0,118000.0,3.50,urban_traffic,1689580800,1689584400,3.1014,2.2184
STA-E02-ST01-1,ST01,2,14000.0,118000.0,3.50,urban_traffic,1689584400,1689588000,0.9232,2.0509
STA-E02-ST01-2,ST01,2,14000.0,118000.0,3.50,urban_traffic,1689588000,1689591600,4.2971,1.8601
STA-E02-ST01-3,ST01,2,14000.0,118000.0,3.50,urban_traffic,1689591600,1689595200,0.7227,2.3155
STA-E02-ST01-4,ST01,2,14000.0,118000.0,3.50,urban_traffic,1689595200,1689598800,1.3713,1.7579
STA-E02-ST01-5,ST01,2,14000.0,118000.0,3.50,urban_traffic,1689598800,1689602400,7.7831,2.0971
STA-E02-ST02-0,ST02,2,121500.0,101000.0,4.00,urban_background,1689580800,1689584400,48.1657,1.9960
STA-E02-ST02-1,ST02,2,121500.0,101000.0,4.00,urban_background,1689584400,1689588000,33.1355,2.0229
STA-E02-ST02-2,ST02,2,121500.0,101000.0,4.00,urban_background,1689588000,1689591600,25.6835,1.7974
STA-E02-ST02-3,ST02,2,121500.0,101000.0,4.00,urban_background,1689591600,1689595200,25.0424,2.2246
STA-E02-ST02-4,ST02,2,121500.0,101000.0,4.00,urban_background,1689595200,1689598800,31.6009,2.0538
STA-E02-ST02-5,ST02,2,121500.0,101000.0,4.00,urban_background,1689598800,1689602400,39.8947,1.9304
STA-E02-ST03-0,ST03,2,104000.0,88000.0,3.00,urban_traffic,1689580800,1689584400,24.7882,3.0970
STA-E02-ST03-1,ST03,2,104000.0,88000.0,3.00,urban_traffic,1689584400,1689588000,19.6298,2.6745
STA-E02-ST03-2,ST03,2,104000.0,88000.0,3.00,urban_traffic,1689588000,1689591600,18.7474,2.4849
STA-E02-ST03-3,ST03,2,104000.0,88000.0,3.00,urban_traffic,1689591600,1689595200,19.5537,2.6738
STA-E02-ST03-4,ST03,2,104000.0,88000.0,3.00,urban_traffic,1689595200,1689598800,18.2123,3.1863
STA-E02-ST03-5,ST03,2,104000.0,88000.0,3.00,urban_traffic,1689598800,1689602400,28.1512,2.4798
STA-E02-ST04-0,ST04,2,66000.0,132000.0,5.50,suburban_industrial,1689580800,1689584400,6.0726,2.9424
STA-E02-ST04-1,ST04,2,66000.0,132000.0,5.50,suburban_industrial,1689584400,1689588000,2.4381,2.9152
STA-E02-ST04-2,ST04,2,66000.0,132000.0,5.50,suburban_industrial,1689588000,1689591600,4.4495,2.7248
STA-E02-ST04-3,ST04,2,66000.0,132000.0,5.50,suburban_industrial,1689591600,1689595200,7.7205,3.4698
STA-E02-ST04-4,ST04,2,66000.0,132000.0,5.50,suburban_industrial,1689595200,1689598800,9.3587,2.5768
STA-E02-ST04-5,ST04,2,66000.0,132000.0,5.50,suburban_industrial,1689598800,1689602400,4.4925,3.0498
STA-E02-ST05-0,ST05,2,191000.0,92000.0,3.50,urban_traffic,1689580800,1689584400,52.4746,1.8288
STA-E02-ST05-1,ST05,2,191000.0,92000.0,3.50,urban_traffic,1689584400,1689588000,37.4004,2.0074
STA-E02-ST05-2,ST05,2,191000.0,92000.0,3.50,urban_traffic,1689588000,1689591600,33.4680,1.7178
STA-E02-ST05-3,ST05,2,191000.0,92000.0,3.50,urban_traffic,1689591600,1689595200,32.1080,1.7941
STA-E02-ST05-4,ST05,2,191000.0,92000.0,3.50,urban_traffic,1689595200,1689598800,39.1029,1.9191
STA-E02-ST05-5,ST05,2,191000.0,92000.0,3.50,urban_traffic,1689598800,1689602400,44.0546,2.0409
STA-E02-ST06-0,ST06,2,209000.0,118000.0,8.00,suburban_background,1689580800,1689584400,39.9203,2.8559
STA-E02-ST06-1,ST06,2,209000.0,118000.0,8.00,suburban_background,1689584400,1689588000,30.8910,3.7133
STA-E02-ST06-2,ST06,2,209000.0,118000.0,8.00,suburban_background,1689588000,1689591600,23.0038,3.1003
STA-E02-ST06-3,ST06,2,209000.0,118000.0,8.00,suburban_background,1689591600,1689595200,26.7779,3.6509
STA-E02-ST06-4,ST06,2,209000.0,118000.0,8.00,suburban_background,1689595200,1689598800,25.4163,3.0398
STA-E02-ST06-5,ST06,2,209000.0,118000.0,8.00,suburban_background,1689598800,1689602400,34.4300,3.6254
STA-E02-ST07-0,ST07,2,72000.0,24000.0,4.50,rural_background,1689580800,1689584400,4.5664,1.8204
STA-E02-ST07-1,ST07,2,72000.0,24000.0,4.50,rural_background,1689584400,1689588000,6.5999,2.1489
STA-E02-ST07-2,ST07,2,72000.0,24000.0,4.50,rural_background,1689588000,1689591600,3.0347,2.3118
STA-E02-ST07-3,ST07,2,72000.0,24000.0,4.50,rural_background,1689591600,1689595200,0.7760,1.8328
STA-E02-ST07-4,ST07,2,72000.0,24000.0,4.50,rural_background,1689595200,1689598800,4.1351,1.9279
STA-E02-ST07-5,ST07,2,72000.0,24000.0,4.50,rural_background,1689598800,1689602400,6.2682,2.0197
STA-E02-ST08-0,ST08,2,144000.0,28000.0,3.00,rural_traffic,1689580800,1689584400,2.9379,1.7833
STA-E02-ST08-1,ST08,2,144000.0,28000.0,3.00,rural_traffic,1689584400,1689588000,8.7438,2.0152
STA-E02-ST08-2,ST08,2,144000.0,28000.0,3.00,rural_traffic,1689588000,1689591600,3.8549,1.9430
STA-E02-ST08-3,ST08,2,144000.0,28000.0,3.00,rural_traffic,1689591600,1689595200,4.2583,1.6902
STA-E02-ST08-4,ST08,2,144000.0,28000.0,3.00,rural_traffic,1689595200,1689598800,4.7711,2.0442
STA-E02-ST08-5,ST08,2,144000.0,28000.0,3.00,rural_traffic,1689598800,1689602400,-0.3471,2.0118
STA-E02-ST09-0,ST09,2,30000.0,66000.0,4.00,suburban_traffic,1689580800,1689584400,11.2112,1.7828
STA-E02-ST09-1,ST09,2,30000.0,66000.0,4.00,suburban_traffic,1689584400,1689588000,7.5068,1.8667
STA-E02-ST09-2,ST09,2,30000.0,66000.0,4.00,suburban_traffic,1689588000,1689591600,10.0340,2.0163
STA-E02-ST09-3,ST09,2,30000.0,66000.0,4.00,suburban_traffic,1689591600,1689595200,8.0294,1.7264
STA-E02-ST09-4,ST09,2,30000.0,66000.0,4.00,suburban_traffic,1689595200,1689598800,8.7103,1.8059
STA-E02-ST09-5,ST09,2,30000.0,66000.0,4.00,suburban_traffic,1689598800,1689602400,10.4471,1.8562
STA-E02-ST10-0,ST10,2,96000.0,60000.0,6.00,rural_background,1689580800,1689584400,0.1972,3.2543
STA-E02-ST10-1,ST10,2,96000.0,60000.0,6.00,rural_background,1689584400,1689588000,-2.0990,3.3406
STA-E02-ST10-2,ST10,2,96000.0,60000.0,6.00,rural_background,1689588000,1689591600,1.4811,3.0674
STA-E02-ST10-3,ST10,2,96000.0,60000.0,6.00,rural_background,1689591600,1689595200,1.4036,3.7637
STA-E02-ST10-4,ST10,2,96000.0,60000.0,6.00,rural_background,1689595200,1689598800,-0.3121,3.1572
STA-E02-ST10-5,ST10,2,96000.0,60000.0,6.00,rural_background,1689598800,1689602400,2.8406,3.0022
STA-E02-ST11-0,ST11,2,176000.0,152000.0,5.00,suburban_background,1689580800,1689584400,0.4992,3.2331
STA-E02-ST11-1,ST11,2,176000.0,152000.0,5.00,suburban_background,1689584400,1689588000,-2.3584,3.5087
STA-E02-ST11-2,ST11,2,176000.0,152000.0,5.00,suburban_background,1689588000,1689591600,-1.2521,2.9235
STA-E02-ST11-3,ST11,2,176000.0,152000.0,5.00,suburban_background,1689591600,1689595200,6.0594,3.2000
STA-E02-ST11-4,ST11,2,176000.0,152000.0,5.00,suburban_background,1689595200,1689598800,7.1620,3.0413
STA-E02-ST11-5,ST11,2,176000.0,152000.0,5.00,suburban_background,1689598800,1689602400,11.4744,3.2884
STA-E02-ST12-0,ST12,2,46000.0,158000.0,9.50,rural_background,1689580800,1689584400,4.3363,2.5844
STA-E02-ST12-1,ST12,2,46000.0,158000.0,9.50,rural_background,1689584400,1689588000,7.0219,2.6650
STA-E02-ST12-2,ST12,2,46000.0,158000.0,9.50,rural_background,1689588000,1689591600,1.6447,3.3510
STA-E02-ST12-3,ST12,2,46000.0,158000.0,9.50,rural_background,1689591600,1689595200,-2.0858,3.3821
STA-E02-ST12-4,ST12,2,46000.0,158000.0,9.50,rural_background,1689595200,1689598800,4.7939,3.1614
STA-E02-ST12-5,ST12,2,46000.0,158000.0,9.50,rural_background,1689598800,1689602400,0.5731,2.8196
STA-E03-ST01-0,ST01,3,14000.0,118000.0,3.50,urban_traffic,1690009200,1690012800,-1.2427,1.8520
STA-E03-ST01-1,ST01,3,14000.0,118000.0,3.50,urban_traffic,1690012800,1690016400,0.2379,1.7395
STA-E03-ST01-2,ST01,3,14000.0,118000.0,3.50,urban_traffic,1690016400,1690020000,-0.6223,2.0480
STA-E03-ST01-3,ST01,3,14000.0,118000.0,3.50,urban_traffic,1690020000,1690023600,0.7877,1.9990
STA-E03-ST01-4,ST01,3,14000.0,118000.0,3.50,urban_traffic,1690023600,1690027200,0.7371,1.8719
STA-E03-ST01-5,ST01,3,14000.0,118000.0,3.50,urban_traffic,1690027200,1690030800,-1.8597,1.7763
STA-E03-ST02-0,ST02,3,121500.0,101000.0,4.00,urban_background,1690009200,1690012800,18.9814,1.7018
STA-E03-ST02-1,ST02,3,121500.0,101000.0,4.00,urban_background,1690012800,1690016400,15.4244,1.6862
STA-E03-ST02-2,ST02,3,121500.0,101000.0,4.00,urban_background,1690016400,1690020000,12.7868,1.8109
STA-E03-ST02-3,ST02,3,121500.0,101000.0,4.00,urban_background,1690020000,1690023600,10.1585,2.1476
STA-E03-ST02-4,ST02,3,121500.0,101000.0,4.00,urban_background,1690023600,1690027200,5.6009,1.9781
STA-E03-ST02-5,ST02,3,121500.0,101000.0,4.00,urban_background,1690027200,1690030800,4.7238,1.6748
STA-E03-ST03-0,ST03,3,104000.0,88000.0,3.00,urban_traffic,1690009200,1690012800,14.8792,3.2098
STA-E03-ST03-1,ST03,3,104000.0,88000.0,3.00,urban_traffic,1690012800,1690016400,11.1685,3.1710
STA-E03-ST03-2,ST03,3,104000.0,88000.0,3.00,urban_traffic,1690016400,1690020000,9.2780,2.9398
STA-E03-ST03-3,ST03,3,104000.0,88000.0,3.00,urban_traffic,1690020000,1690023600,2.5375,2.6463
STA-E03-ST03-4,ST03,3,104000.0,88000.0,3.00,urban_traffic,1690023600,1690027200,13.7829,3.1538
STA-E03-ST03-5,ST03,3,104000.0,88000.0,3.00,urban_traffic,1690027200,1690030800,12.6584,3.0215
STA-E03-ST04-0,ST04,3,66000.0,132000.0,5.50,suburban_industrial,1690009200,1690012800,1.0201,3.1630
STA-E03-ST04-1,ST04,3,66000.0,132000.0,5.50,suburban_industrial,1690012800,1690016400,-2.2872,2.9485
STA-E03-ST04-2,ST04,3,66000.0,132000.0,5.50,suburban_industrial,1690016400,1690020000,0.2329,3.2997
STA-E03-ST04-3,ST04,3,66000.0,132000.0,5.50,suburban_industrial,1690020000,1690023600,-1.6350,3.1054
STA-E03-ST04-4,ST04,3,66000.0,132000.0,5.50,suburban_industrial,1690023600,1690027200,-2.9341,3.4662
STA-E03-ST04-5,ST04,3,66000.0,132000.0,5.50,suburban_industrial,1690027200,1690030800,-1.8165,3.0687
STA-E03-ST05-0,ST05,3,191000.0,92000.0,3.50,urban_traffic,1690009200,1690012800,2.2569,2.1223
STA-E03-ST05-1,ST05,3,191000.0,92000.0,3.50,urban_traffic,1690012800,1690016400,3.3152,1.9748
STA-E03-ST05-2,ST05,3,191000.0,92000.0,3.50,urban_traffic,1690016400,1690020000,1.8498,1.6431
STA-E03-ST05-3,ST05,3,191000.0,92000.0,3.50,urban_traffic,1690020000,1690023600,-1.8581,1.7026
STA-E03-ST05-4,ST05,3,191000.0,92000.0,3.50,urban_traffic,1690023600,1690027200,0.8659,2.0237
STA-E03-ST05-5,ST05,3,191000.0,92000.0,3.50,urban_traffic,1690027200,1690030800,9.0352,1.9566
STA-E03-ST06-0,ST06,3,209000.0,118000.0,8.00,suburban_background,1690009200,1690012800,4.9371,2.7819
STA-E03-ST06-1,ST06,3,209000.0,118000.0,8.00,suburban_background,1690012800,1690016400,8.8693,3.6669
STA-E03-ST06-2,ST06,3,209000.0,118000.0,8.00,suburban_background,1690016400,1690020000,1.0508,3.1933
STA-E03-ST06-3,ST06,3,209000.0,118000.0,8.00,suburban_background,1690020000,1690023600,7.7507,3.6302
STA-E03-ST06-4,ST06,3,209000.0,118000.0,8.00,suburban_background,1690023600,1690027200,7.3016,3.2940
STA-E03-ST06-5,ST06,3,209000.0,118000.0,8.00,suburban_background,1690027200,1690030800,7.7680,2.9034
STA-E03-ST07-0,ST07,3,72000.0,24000.0,4.50,rural_background,1690009200,1690012800,-2.2899,2.0230
STA-E03-ST07-1,ST07,3,72000.0,24000.0,4.50,rural_background,1690012800,1690016400,0.1068,1.9133
STA-E03-ST07-2,ST07,3,72000.0,24000.0,4.50,rural_background,1690016400,1690020000,1.4483,2.0168
STA-E03-ST07-3,ST07,3,72000.0,24000.0,4.50,rural_background,1690020000,1690023600,-0.5367,2.1712
STA-E03-ST07-4,ST07,3,72000.0,24000.0,4.50,rural_background,1690023600,1690027200,2.3078,1.8794
STA-E03-ST07-5,ST07,3,72000.0,24000.0,4.50,rural_background,1690027200,1690030800,2.2987,2.1600
STA-E03-ST08-0,ST08,3,144000.0,28000.0,3.00,rural_traffic,1690009200,1690012800,7.0554,1.7060
STA-E03-ST08-1,ST08,3,144000.0,28000.0,3.00,rural_traffic,1690012800,1690016400,3.6003,2.1676
STA-E03-ST08-2,ST08,3,144000.0,28000.0,3.00,rural_traffic,1690016400,1690020000,0.5060,1.6279
STA-E03-ST08-3,ST08,3,144000.0,28000.0,3.00,rural_traffic,1690020000,1690023600,-0.3839,1.7559
STA-E03-ST08-4,ST08,3,144000.0,28000.0,3.00,rural_traffic,1690023600,1690027200,2.7985,1.7759
STA-E03-ST08-5,ST08,3,144000.0,28000.0,3.00,rural_traffic,1690027200,1690030800,0.9749,1.7464
STA-E03-ST09-0,ST09,3,30000.0,66000.0,4.00,suburban_traffic,1690009200,1690012800,13.6000,2.0876
STA-E03-ST09-1,ST09,3,30000.0,66000.0,4.00,suburban_traffic,1690012800,1690016400,11.9192,2.1974
STA-E03-ST09-2,ST09,3,30000.0,66000.0,4.00,suburban_traffic,1690016400,1690020000,4.8715,1.7517
STA-E03-ST09-3,ST09,3,30000.0,66000.0,4.00,suburban_traffic,1690020000,1690023600,5.1957,2.0548
STA-E03-ST09-4,ST09,3,30000.0,66000.0,4.00,suburban_traffic,1690023600,1690027200,6.5147,1.6613
STA-E03-ST09-5,ST09,3,30000.0,66000.0,4.00,suburban_traffic,1690027200,1690030800,6.5689,2.0156
STA-E03-ST10-0,ST10,3,96000.0,60000.0,6.00,rural_background,1690009200,1690012800,1.0120,3.5947
STA-E03-ST10-1,ST10,3,96000.0,60000.0,6.00,rural_background,1690012800,1690016400,2.4492,3.4622
STA-E03-ST10-2,ST10,3,96000.0,60000.0,6.00,rural_background,1690016400,1690020000,-0.5407,2.9204
STA-E03-ST10-3,ST10,3,96000.0,60000.0,6.00,rural_background,1690020000,1690023600,5.2928,2.9509
STA-E03-ST10-4,ST10,3,96000.0,60000.0,6.00,rural_background,1690023600,1690027200,-1.6551,3.8795
STA-E03-ST10-5,ST10,3,96000.0,60000.0,6.00,rural_background,1690027200,1690030800,0.0564,3.2554
STA-E03-ST11-0,ST11,3,176000.0,152000.0,5.00,suburban_background,1690009200,1690012800,6.7848,2.9642
STA-E03-ST11-1,ST11,3,176000.0,152000.0,5.00,suburban_background,1690012800,1690016400,3.8305,3.0920
STA-E03-ST11-2,ST11,3,176000.0,152000.0,5.00,suburban_background,1690016400,1690020000,-1.0111,3.1261
STA-E03-ST11-3,ST11,3,176000.0,152000.0,5.00,suburban_background,1690020000,1690023600,5.3501,3.8116
STA-E03-ST11-4,ST11,3,176000.0,152000.0,5.00,suburban_background,1690023600,1690027200,0.0630,3.1212
STA-E03-ST11-5,ST11,3,176000.0,152000.0,5.00,suburban_background,1690027200,1690030800,1.4617,3.0797
STA-E03-ST12-0,ST12,3,46000.0,158000.0,9.50,rural_background,1690009200,1690012800,-6.3109,3.0999
STA-E03-ST12-1,ST12,3,46000.0,158000.0,9.50,rural_background,1690012800,1690016400,0.2819,3.3467
STA-E03-ST12-2,ST12,3,46000.0,158000.0,9.50,rural_background,1690016400,1690020000,-2.3644,3.3536
STA-E03-ST12-3,ST12,3,46000.0,158000.0,9.50,rural_background,1690020000,1690023600,-0.9457,3.2623
STA-E03-ST12-4,ST12,3,46000.0,158000.0,9.50,rural_background,1690023600,1690027200,4.9827,2.9634
STA-E03-ST12-5,ST12,3,46000.0,158000.0,9.50,rural_background,1690027200,1690030800,1.1728,2.7163
STA-E04-ST01-0,ST01,4,14000.0,118000.0,3.50,urban_traffic,1690531200,1690534800,1.4203,2.1702
STA-E04-ST01-1,ST01,4,14000.0,118000.0,3.50,urban_traffic,1690534800,1690538400,1.1253,2.0846
STA-E04-ST01-2,ST01,4,14000.0,118000.0,3.50,urban_traffic,1690538400,1690542000,0.7473,2.2770
STA-E04-ST01-3,ST01,4,14000.0,118000.0,3.50,urban_traffic,1690542000,1690545600,-2.4853,1.8443
STA-E04-ST01-4,ST01,4,14000.0,118000.0,3.50,urban_traffic,1690545600,1690549200,6.4765,2.0515
STA-E04-ST01-5,ST01,4,14000.0,118000.0,3.50,urban_traffic,1690549200,1690552800,0.7858,2.2934
STA-E04-ST02-0,ST02,4,121500.0,101000.0,4.00,urban_background,1690531200,1690534800,9.5202,2.2274
STA-E04-ST02-1,ST02,4,121500.0,101000.0,4.00,urban_background,1690534800,1690538400,7.3180,1.7656
STA-E04-ST02-2,ST02,4,121500.0,101000.0,4.00,urban_background,1690538400,1690542000,8.7334,1.7518
STA-E04-ST02-3,ST02,4,121500.0,101000.0,4.00,urban_background,1690542000,1690545600,6.5182,2.0113
STA-E04-ST02-4,ST02,4,121500.0,101000.0,4.00,urban_background,1690545600,1690549200,4.2767,2.1739
STA-E04-ST02-5,ST02,4,121500.0,101000.0,4.00,urban_background,1690549200,1690552800,10.2333,2.2325
STA-E04-ST03-0,ST03,4,104000.0,88000.0,3.00,urban_traffic,1690531200,1690534800,23.0668,3.1487
STA-E04-ST03-1,ST03,4,104000.0,88000.0,3.00,urban_traffic,1690534800,1690538400,13.9048,2.7305
STA-E04-ST03-2,ST03,4,104000.0,88000.0,3.00,urban_traffic,1690538400,1690542000,11.6921,3.0410
STA-E04-ST03-3,ST03,4,104000.0,88000.0,3.00,urban_traffic,1690542000,1690545600,10.8329,2.8745
STA-E04-ST03-4,ST03,4,104000.0,88000.0,3.00,urban_traffic,1690545600,1690549200,14.4883,2.8436
STA-E04-ST03-5,ST03,4,104000.0,88000.0,3.00,urban_traffic,1690549200,1690552800,11.2432,3.1269
STA-E04-ST04-0,ST04,4,66000.0,132000.0,5.50,suburban_industrial,1690531200,1690534800,3.8793,3.0426
STA-E04-ST04-1,ST04,4,66000.0,132000.0,5.50,suburban_industrial,1690534800,1690538400,6.9389,3.0214
STA-E04-ST04-2,ST04,4,66000.0,132000.0,5.50,suburban_industrial,1690538400,1690542000,3.6952,3.4262
STA-E04-ST04-3,ST04,4,66000.0,132000.0,5.50,suburban_industrial,1690542000,1690545600,4.3321,3.0840
STA-E04-ST04-4,ST04,4,66000.0,132000.0,5.50,suburban_industrial,1690545600,1690549200,6.5960,2.8996
STA-E04-ST04-5,ST04,4,66000.0,132000.0,5.50,suburban_industrial,1690549200,1690552800,5.9501,2.9973
STA-E04-ST05-0,ST05,4,191000.0,92000.0,3.50,urban_traffic,1690531200,1690534800,15.6100,1.6911
STA-E04-ST05-1,ST05,4,191000.0,92000.0,3.50,urban_traffic,1690534800,1690538400,12.3113,1.6732
STA-E04-ST05-2,ST05,4,191000.0,92000.0,3.50,urban_traffic,1690538400,1690542000,8.4785,1.6360
STA-E04-ST05-3,ST05,4,191000.0,92000.0,3.50,urban_traffic,1690542000,1690545600,10.5331,1.9122
STA-E04-ST05-4,ST05,4,191000.0,92000.0,3.50,urban_traffic,1690545600,1690549200,12.0562,1.7570
STA-E04-ST05-5,ST05,4,191000.0,92000.0,3.50,urban_traffic,1690549200,1690552800,12.1733,1.8654
STA-E04-ST06-0,ST06,4,209000.0,118000.0,8.00,suburban_background,1690531200,1690534800,-0.8795,3.1447
STA-E04-ST06-1,ST06,4,209000.0,118000.0,8.00,suburban_background,1690534800,1690538400,1.2546,3.3484
STA-E04-ST06-2,ST06,4,209000.0,118000.0,8.00,suburban_background,1690538400,1690542000,3.1742,2.9137
STA-E04-ST06-3,ST06,4,209000.0,118000.0,8.00,suburban_background,1690542000,1690545600,1.6199,3.0987
STA-E04-ST06-4,ST06,4,209000.0,118000.0,8.00,suburban_background,1690545600,1690549200,-1.3052,3.1689
STA-E04-ST06-5,ST06,4,209000.0,118000.0,8.00,suburban_background,1690549200,1690552800,-0.5406,3.5195
STA-E04-ST07-0,ST07,4,72000.0,24000.0,4.50,rural_background,1690531200,1690534800,6.0491,1.9057
STA-E04-ST07-1,ST07,4,72000.0,24000.0,4.50,rural_background,1690534800,1690538400,13.5137,2.2391
STA-E04-ST07-2,ST07,4,72000.0,24000.0,4.50,rural_background,1690538400,1690542000,13.1657,1.8792
STA-E04-ST07-3,ST07,4,72000.0,24000.0,4.50,rural_background,1690542000,1690545600,8.6971,1.8857
STA-E04-ST07-4,ST07,4,72000.0,24000.0,4.50,rural_background,1690545600,1690549200,8.2921,1.7954
STA-E04-ST07-5,ST07,4,72000.0,24000.0,4.50,rural_background,1690549200,1690552800,9.6953,2.1199
STA-E04-ST08-0,ST08,4,144000.0,28000.0,3.00,rural_traffic,1690531200,1690534800,12.1755,1.6940
STA-E04-ST08-1,ST08,4,144000.0,28000.0,3.00,rural_traffic,1690534800,1690538400,6.4109,1.6600
STA-E04-ST08-2,ST08,4,144000.0,28000.0,3.00,rural_traffic,1690538400,1690542000,7.7782,2.0644
STA-E04-ST08-3,ST08,4,144000.0,28000.0,3.00,rural_traffic,1690542000,1690545600,4.4516,1.7599
STA-E04-ST08-4,ST08,4,144000.0,28000.0,3.00,rural_traffic,1690545600,1690549200,6.9237,2.1489
STA-E04-ST08-5,ST08,4,144000.0,28000.0,3.00,rural_traffic,1690549200,1690552800,6.6673,1.9472
STA-E04-ST09-0,ST09,4,30000.0,66000.0,4.00,suburban_traffic,1690531200,1690534800,24.9887,2.0006
STA-E04-ST09-1,ST09,4,30000.0,66000.0,4.00,suburban_traffic,1690534800,1690538400,17.1104,1.7565
STA-E04-ST09-2,ST09,4,30000.0,66000.0,4.00,suburban_traffic,1690538400,1690542000,14.7394,1.7336
STA-E04-ST09-3,ST09,4,30000.0,66000.0,4.00,suburban_traffic,1690542000,1690545600,12.9662,1.6490
STA-E04-ST09-4,ST09,4,30000.0,66000.0,4.00,suburban_traffic,1690545600,1690549200,15.1479,1.8893
STA-E04-ST09-5,ST09,4,30000.0,66000.0,4.00,suburban_traffic,1690549200,1690552800,22.6688,2.0539
STA-E04-ST10-0,ST10,4,96000.0,60000.0,6.00,rural_background,1690531200,1690534800,6.6691,3.4641
STA-E04-ST10-1,ST10,4,96000.0,60000.0,6.00,rural_background,1690534800,1690538400,7.2278,3.7706
STA-E04-ST10-2,ST10,4,96000.0,60000.0,6.00,rural_background,1690538400,1690542000,2.3513,3.7896
STA-E04-ST10-3,ST10,4,96000.0,60000.0,6.00,rural_background,1690542000,1690545600,3.1829,3.3778
STA-E04-ST10-4,ST10,4,96000.0,60000.0,6.00,rural_background,1690545600,1690549200,3.5182,3.5911
STA-E04-ST10-5,ST10,4,96000.0,60000.0,6.00,rural_background,1690549200,1690552800,3.4859,3.1107
STA-E04-ST11-0,ST11,4,176000.0,152000.0,5.00,suburban_background,1690531200,1690534800,2.3530,3.8620
STA-E04-ST11-1,ST11,4,176000.0,152000.0,5.00,suburban_background,1690534800,1690538400,1.2925,2.9908
STA-E04-ST11-2,ST11,4,176000.0,152000.0,5.00,suburban_background,1690538400,1690542000,8.3247,3.4767
STA-E04-ST11-3,ST11,4,176000.0,152000.0,5.00,suburban_background,1690542000,1690545600,1.1853,3.3808
STA-E04-ST11-4,ST11,4,176000.0,152000.0,5.00,suburban_background,1690545600,1690549200,4.7449,3.7582
STA-E04-ST11-5,ST11,4,176000.0,152000.0,5.00,suburban_background,1690549200,1690552800,0.8363,2.9551
STA-E04-ST12-0,ST12,4,46000.0,158000.0,9.50,rural_background,1690531200,1690534800,-0.4919,3.1238
STA-E04-ST12-1,ST12,4,46000.0,158000.0,9.50,rural_background,1690534800,1690538400,8.4525,3.4759
STA-E04-ST12-2,ST12,4,46000.0,158000.0,9.50,rural_background,1690538400,1690542000,-2.3003,2.9022
STA-E04-ST12-3,ST12,4,46000.0,158000.0,9.50,rural_background,1690542000,1690545600,-2.0199,3.4350
STA-E04-ST12-4,ST12,4,46000.0,158000.0,9.50,rural_background,1690545600,1690549200,2.3307,3.1409
STA-E04-ST12-5,ST12,4,46000.0,158000.0,9.50,rural_background,1690549200,1690552800,-0.2258,2.7842
STA-E05-ST01-0,ST01,5,14000.0,118000.0,3.50,urban_traffic,1690959600,1690963200,4.4850,2.3217
STA-E05-ST01-1,ST01,5,14000.0,118000.0,3.50,urban_traffic,1690963200,1690966800,1.2873,2.1916
STA-E05-ST01-2,ST01,5,14000.0,118000.0,3.50,urban_traffic,1690966800,1690970400,1.4281,1.9142
STA-E05-ST01-3,ST01,5,14000.0,118000.0,3.50,urban_traffic,1690970400,1690974000,3.5066,2.0275
STA-E05-ST01-4,ST01,5,14000.0,118000.0,3.50,urban_traffic,1690974000,1690977600,1.1620,1.8681
STA-E05-ST01-5,ST01,5,14000.0,118000.0,3.50,urban_traffic,1690977600,1690981200,2.2191,1.8407
STA-E05-ST02-0,ST02,5,121500.0,101000.0,4.00,urban_background,1690959600,1690963200,49.3540,2.1142
STA-E05-ST02-1,ST02,5,121500.0,101000.0,4.00,urban_background,1690963200,1690966800,45.0400,2.0039
STA-E05-ST02-2,ST02,5,121500.0,101000.0,4.00,urban_background,1690966800,1690970400,27.6088,1.9337
STA-E05-ST02-3,ST02,5,121500.0,101000.0,4.00,urban_background,1690970400,1690974000,22.2303,1.8286
STA-E05-ST02-4,ST02,5,121500.0,101000.0,4.00,urban_background,1690974000,1690977600,19.4878,2.1969
STA-E05-ST02-5,ST02,5,121500.0,101000.0,4.00,urban_background,1690977600,1690981200,26.3607,2.1256
STA-E05-ST03-0,ST03,5,104000.0,88000.0,3.00,urban_traffic,1690959600,1690963200,36.5553,2.7791
STA-E05-ST03-1,ST03,5,104000.0,88000.0,3.00,urban_traffic,1690963200,1690966800,20.7498,3.2880
STA-E05-ST03-2,ST03,5,104000.0,88000.0,3.00,urban_traffic,1690966800,1690970400,17.0627,2.5911
STA-E05-ST03-3,ST03,5,104000.0,88000.0,3.00,urban_traffic,1690970400,1690974000,10.5724,2.5268
STA-E05-ST03-4,ST03,5,104000.0,88000.0,3.00,urban_traffic,1690974000,1690977600,14.9917,2.6208
STA-E05-ST03-5,ST03,5,104000.0,88000.0,3.00,urban_traffic,1690977600,1690981200,15.7507,3.0799
STA-E05-ST04-0,ST04,5,66000.0,132000.0,5.50,suburban_industrial,1690959600,1690963200,5.3244,3.4019
STA-E05-ST04-1,ST04,5,66000.0,132000.0,5.50,suburban_industrial,1690963200,1690966800,-0.3089,3.4439
STA-E05-ST04-2,ST04,5,66000.0,132000.0,5.50,suburban_industrial,1690966800,1690970400,2.0380,3.4157
STA-E05-ST04-3,ST04,5,66000.0,132000.0,5.50,suburban_industrial,1690970400,1690974000,-0.0247,3.0495
STA-E05-ST04-4,ST04,5,66000.0,132000.0,5.50,suburban_industrial,1690974000,1690977600,1.4409,2.7720
STA-E05-ST04-5,ST04,5,66000.0,132000.0,5.50,suburban_industrial,1690977600,1690981200,6.2405,2.9971
STA-E05-ST05-0,ST05,5,191000.0,92000.0,3.50,urban_traffic,1690959600,1690963200,59.6900,2.0103
STA-E05-ST05-1,ST05,5,191000.0,92000.0,3.50,urban_traffic,1690963200,1690966800,45.3998,1.9523
STA-E05-ST05-2,ST05,5,191000.0,92000.0,3.50,urban_traffic,1690966800,1690970400,37.7010,2.0336
STA-E05-ST05-3,ST05,5,191000.0,92000.0,3.50,urban_traffic,1690970400,1690974000,26.5185,1.6746
STA-E05-ST05-4,ST05,5,191000.0,92000.0,3.50,urban_traffic,1690974000,1690977600,26.4014,1.8172
STA-E05-ST05-5,ST05,5,191000.0,92000.0,3.50,urban_traffic,1690977600,1690981200,30.9491,1.9013
STA-E05-ST06-0,ST06,5,209000.0,118000.0,8.00,suburban_background,1690959600,1690963200,44.6943,3.0589
STA-E05-ST06-1,ST06,5,209000.0,118000.0,8.00,suburban_background,1690963200,1690966800,37.5516,3.1881
STA-E05-ST06-2,ST06,5,209000.0,118000.0,8.00,suburban_background,1690966800,1690970400,34.7496,3.1288
STA-E05-ST06-3,ST06,5,209000.0,118000.0,8.00,suburban_background,1690970400,1690974000,28.0289,2.9871
STA-E05-ST06-4,ST06,5,209000.0,118000.0,8.00,suburban_background,1690974000,1690977600,18.8758,2.7987
STA-E05-ST06-5,ST06,5,209000.0,118000.0,8.00,suburban_background,1690977600,1690981200,21.3317,3.3134
STA-E05-ST07-0,ST07,5,72000.0,24000.0,4.50,rural_background,1690959600,1690963200,4.0331,2.0131
STA-E05-ST07-1,ST07,5,72000.0,24000.0,4.50,rural_background,1690963200,1690966800,4.9694,1.9593
STA-E05-ST07-2,ST07,5,72000.0,24000.0,4.50,rural_background,1690966800,1690970400,1.8849,2.1087
STA-E05-ST07-3,ST07,5,72000.0,24000.0,4.50,rural_background,1690970400,1690974000,2.0650,1.7911
STA-E05-ST07-4,ST07,5,72000.0,24000.0,4.50,rural_background,1690974000,1690977600,2.7345,2.0098
STA-E05-ST07-5,ST07,5,72000.0,24000.0,4.50,rural_background,1690977600,1690981200,2.0498,1.9792
STA-E05-ST08-0,ST08,5,144000.0,28000.0,3.00,rural_traffic,1690959600,1690963200,5.3458,1.9338
STA-E05-ST08-1,ST08,5,144000.0,28000.0,3.00,rural_traffic,1690963200,1690966800,9.1389,1.9604
STA-E05-ST08-2,ST08,5,144000.0,28000.0,3.00,rural_traffic,1690966800,1690970400,4.6510,1.8576
STA-E05-ST08-3,ST08,5,144000.0,28000.0,3.00,rural_traffic,1690970400,1690974000,1.9810,1.6337
STA-E05-ST08-4,ST08,5,144000.0,28000.0,3.00,rural_traffic,1690974000,1690977600,5.5780,2.0857
STA-E05-ST08-5,ST08,5,144000.0,28000.0,3.00,rural_traffic,1690977600,1690981200,3.0332,1.9099
STA-E05-ST09-0,ST09,5,30000.0,66000.0,4.00,suburban_traffic,1690959600,1690963200,15.9054,2.1099
STA-E05-ST09-1,ST09,5,30000.0,66000.0,4.00,suburban_traffic,1690963200,1690966800,6.5159,2.0104
STA-E05-ST09-2,ST09,5,30000.0,66000.0,4.00,suburban_traffic,1690966800,1690970400,6.6902,2.0119
STA-E05-ST09-3,ST09,5,30000.0,66000.0,4.00,suburban_traffic,1690970400,1690974000,5.6645,2.0952
STA-E05-ST09-4,ST09,5,30000.0,66000.0,4.00,suburban_traffic,1690974000,1690977600,8.7536,1.8963
STA-E05-ST09-5,ST09,5,30000.0,66000.0,4.00,suburban_traffic,1690977600,1690981200,10.3981,1.6897
STA-E05-ST10-0,ST10,5,96000.0,60000.0,6.00,rural_background,1690959600,1690963200,4.7023,3.4693
STA-E05-ST10-1,ST10,5,96000.0,60000.0,6.00,rural_background,1690963200,1690966800,6.7506,3.4262
STA-E05-ST10-2,ST10,5,96000.0,60000.0,6.00,rural_background,1690966800,1690970400,6.7899,3.8835
STA-E05-ST10-3,ST10,5,96000.0,60000.0,6.00,rural_background,1690970400,1690974000,6.4059,2.9665
STA-E05-ST10-4,ST10,5,96000.0,60000.0,6.00,rural_background,1690974000,1690977600,2.5768,3.8588
STA-E05-ST10-5,ST10,5,96000.0,60000.0,6.00,rural_background,1690977600,1690981200,0.1383,2.9273
STA-E05-ST11-0,ST11,5,176000.0,152000.0,5.00,suburban_background,1690959600,1690963200,-0.8981,3.0687
STA-E05-ST11-1,ST11,5,176000.0,152000.0,5.00,suburban_background,1690963200,1690966800,7.0210,2.9935
STA-E05-ST11-2,ST11,5,176000.0,152000.0,5.00,suburban_background,1690966800,1690970400,-3.1973,3.6645
STA-E05-ST11-3,ST11,5,176000.0,152000.0,5.00,suburban_background,1690970400,1690974000,2.1794,3.4839
STA-E05-ST11-4,ST11,5,176000.0,152000.0,5.00,suburban_background,1690974000,1690977600,-1.2719,3.5240
STA-E05-ST11-5,ST11,5,176000.0,152000.0,5.00,suburban_background,1690977600,1690981200,5.6872,3.7471
STA-E05-ST12-0,ST12,5,46000.0,158000.0,9.50,rural_background,1690959600,1690963200,1.7471,2.6996
STA-E05-ST12-1,ST12,5,46000.0,158000.0,9.50,rural_background,1690963200,1690966800,-0.9976,3.4019
STA-E05-ST12-2,ST12,5,46000.0,158000.0,9.50,rural_background,1690966800,1690970400,1.6167,2.8853
STA-E05-ST12-3,ST12,5,46000.0,158000.0,9.50,rural_background,1690970400,1690974000,-1.7579,2.9390
STA-E05-ST12-4,ST12,5,46000.0,158000.0,9.50,rural_background,1690974000,1690977600,0.7938,3.2273
STA-E05-ST12-5,ST12,5,46000.0,158000.0,9.50,rural_background,1690977600,1690981200,3.5093,2.9993
STA-E06-ST01-0,ST01,6,14000.0,118000.0,3.50,urban_traffic,1696323600,1696327200,-0.4796,1.8642
STA-E06-ST01-1,ST01,6,14000.0,118000.0,3.50,urban_traffic,1696327200,1696330800,2.7241,1.9441
STA-E06-ST01-2,ST01,6,14000.0,118000.0,3.50,urban_traffic,1696330800,1696334400,2.0390,2.1609
STA-E06-ST01-3,ST01,6,14000.0,118000.0,3.50,urban_traffic,1696334400,1696338000,1.6397,2.1046
STA-E06-ST01-4,ST01,6,14000.0,118000.0,3.50,urban_traffic,1696338000,1696341600,2.1037,2.3324
STA-E06-ST01-5,ST01,6,14000.0,118000.0,3.50,urban_traffic,1696341600,1696345200,3.1129,1.8669
STA-E06-ST02-0,ST02,6,121500.0,101000.0,4.00,urban_background,1696323600,1696327200,3.7445,2.1304
STA-E06-ST02-1,ST02,6,121500.0,101000.0,4.00,urban_background,1696327200,1696330800,6.7342,1.9216
STA-E06-ST02-2,ST02,6,121500.0,101000.0,4.00,urban_background,1696330800,1696334400,3.7279,2.1856
STA-E06-ST02-3,ST02,6,121500.0,101000.0,4.00,urban_background,1696334400,1696338000,3.1610,1.8919
STA-E06-ST02-4,ST02,6,121500.0,101000.0,4.00,urban_background,1696338000,1696341600,4.8654,2.1177
STA-E06-ST02-5,ST02,6,121500.0,101000.0,4.00,urban_background,1696341600,1696345200,11.6011,1.9962
STA-E06-ST03-0,ST03,6,104000.0,88000.0,3.00,urban_traffic,1696323600,1696327200,4.5031,2.6632
STA-E06-ST03-1,ST03,6,104000.0,88000.0,3.00,urban_traffic,1696327200,1696330800,-1.7813,3.2265
STA-E06-ST03-2,ST03,6,104000.0,88000.0,3.00,urban_traffic,1696330800,1696334400,0.3924,3.0992
STA-E06-ST03-3,ST03,6,104000.0,88000.0,3.00,urban_traffic,1696334400,1696338000,6.5862,3.2351
STA-E06-ST03-4,ST03,6,104000.0,88000.0,3.00,urban_traffic,1696338000,1696341600,-4.0047,2.7826
STA-E06-ST03-5,ST03,6,104000.0,88000.0,3.00,urban_traffic,1696341600,1696345200,7.0309,3.2112
STA-E06-ST04-0,ST04,6,66000.0,132000.0,5.50,suburban_industrial,1696323600,1696327200,2.0751,3.2030
STA-E06-ST04-1,ST04,6,66000.0,132000.0,5.50,suburban_industrial,1696327200,1696330800,5.4356,2.8360
STA-E06-ST04-2,ST04,6,66000.0,132000.0,5.50,suburban_industrial,1696330800,1696334400,5.4700,2.9189
STA-E06-ST04-3,ST04,6,66000.0,132000.0,5.50,suburban_industrial,1696334400,1696338000,3.2089,3.2867
STA-E06-ST04-4,ST04,6,66000.0,132000.0,5.50,suburban_industrial,1696338000,1696341600,1.9182,2.7628
STA-E06-ST04-5,ST04,6,66000.0,132000.0,5.50,suburban_industrial,1696341600,1696345200,9.5928,3.0840
STA-E06-ST05-0,ST05,6,191000.0,92000.0,3.50,urban_traffic,1696323600,1696327200,2.9405,1.6605
STA-E06-ST05-1,ST05,6,191000.0,92000.0,3.50,urban_traffic,1696327200,1696330800,1.1071,1.7651
STA-E06-ST05-2,ST05,6,191000.0,92000.0,3.50,urban_traffic,1696330800,1696334400,1.1462,1.6894
STA-E06-ST05-3,ST05,6,191000.0,92000.0,3.50,urban_traffic,1696334400,1696338000,3.1222,1.9538
STA-E06-ST05-4,ST05,6,191000.0,92000.0,3.50,urban_traffic,1696338000,1696341600,1.2268,1.9120
STA-E06-ST05-5,ST05,6,191000.0,92000.0,3.50,urban_traffic,1696341600,1696345200,3.5739,2.0626
STA-E06-ST06-0,ST06,6,209000.0,118000.0,8.00,suburban_background,1696323600,1696327200,-6.2794,3.0079
STA-E06-ST06-1,ST06,6,209000.0,118000.0,8.00,suburban_background,1696327200,1696330800,-0.0297,3.2164
STA-E06-ST06-2,ST06,6,209000.0,118000.0,8.00,suburban_background,1696330800,1696334400,1.4245,3.5465
STA-E06-ST06-3,ST06,6,209000.0,118000.0,8.00,suburban_background,1696334400,1696338000,4.6843,3.5489
STA-E06-ST06-4,ST06,6,209000.0,118000.0,8.00,suburban_background,1696338000,1696341600,-0.4414,3.1439
STA-E06-ST06-5,ST06,6,209000.0,118000.0,8.00,suburban_background,1696341600,1696345200,1.0172,3.3256
STA-E06-ST07-0,ST07,6,72000.0,24000.0,4.50,rural_background,1696323600,1696327200,3.7539,1.9420
STA-E06-ST07-1,ST07,6,72000.0,24000.0,4.50,rural_background,1696327200,1696330800,2.6212,1.7671
STA-E06-ST07-2,ST07,6,72000.0,24000.0,4.50,rural_background,1696330800,1696334400,2.2182,2.0468
STA-E06-ST07-3,ST07,6,72000.0,24000.0,4.50,rural_background,1696334400,1696338000,3.0994,2.0111
STA-E06-ST07-4,ST07,6,72000.0,24000.0,4.50,rural_background,1696338000,1696341600,1.4729,2.0280
STA-E06-ST07-5,ST07,6,72000.0,24000.0,4.50,rural_background,1696341600,1696345200,2.1414,1.8395
STA-E06-ST08-0,ST08,6,144000.0,28000.0,3.00,rural_traffic,1696323600,1696327200,4.7272,1.6659
STA-E06-ST08-1,ST08,6,144000.0,28000.0,3.00,rural_traffic,1696327200,1696330800,3.1608,1.8077
STA-E06-ST08-2,ST08,6,144000.0,28000.0,3.00,rural_traffic,1696330800,1696334400,1.9061,1.7327
STA-E06-ST08-3,ST08,6,144000.0,28000.0,3.00,rural_traffic,1696334400,1696338000,1.8617,1.8780
STA-E06-ST08-4,ST08,6,144000.0,28000.0,3.00,rural_traffic,1696338000,1696341600,1.0947,2.0033
STA-E06-ST08-5,ST08,6,144000.0,28000.0,3.00,rural_traffic,1696341600,1696345200,3.2755,1.7109
STA-E06-ST09-0,ST09,6,30000.0,66000.0,4.00,suburban_traffic,1696323600,1696327200,6.6393,2.1870
STA-E06-ST09-1,ST09,6,30000.0,66000.0,4.00,suburban_traffic,1696327200,1696330800,6.2275,1.8905
STA-E06-ST09-2,ST09,6,30000.0,66000.0,4.00,suburban_traffic,1696330800,1696334400,4.0624,2.1766
STA-E06-ST09-3,ST09,6,30000.0,66000.0,4.00,suburban_traffic,1696334400,1696338000,5.6425,1.8981
STA-E06-ST09-4,ST09,6,30000.0,66000.0,4.00,suburban_traffic,1696338000,1696341600,5.3340,1.8770
STA-E06-ST09-5,ST09,6,30000.0,66000.0,4.00,suburban_traffic,1696341600,1696345200,9.3670,2.1317
STA-E06-ST10-0,ST10,6,96000.0,60000.0,6.00,rural_background,1696323600,1696327200,-2.1604,3.6379
STA-E06-ST10-1,ST10,6,96000.0,60000.0,6.00,rural_background,1696327200,1696330800,5.4393,3.1409
STA-E06-ST10-2,ST10,6,96000.0,60000.0,6.00,rural_background,1696330800,1696334400,1.5418,3.7732
STA-E06-ST10-3,ST10,6,96000.0,60000.0,6.00,rural_background,1696334400,1696338000,3.5729,3.9072
STA-E06-ST10-4,ST10,6,96000.0,60000.0,6.00,rural_background,1696338000,1696341600,2.8678,3.0102
STA-E06-ST10-5,ST10,6,96000.0,60000.0,6.00,rural_background,1696341600,1696345200,5.3935,3.5188
STA-E06-ST11-0,ST11,6,176000.0,152000.0,5.00,suburban_background,1696323600,1696327200,13.0318,3.5857
STA-E06-ST11-1,ST11,6,176000.0,152000.0,5.00,suburban_background,1696327200,1696330800,4.4888,3.6864
STA-E06-ST11-2,ST11,6,176000.0,152000.0,5.00,suburban_background,1696330800,1696334400,8.1595,3.9032
STA-E06-ST11-3,ST11,6,176000.0,152000.0,5.00,suburban_background,1696334400,1696338000,6.1461,3.3021
STA-E06-ST11-4,ST11,6,176000.0,152000.0,5.00,suburban_background,1696338000,1696341600,10.0024,2.9026
STA-E06-ST11-5,ST11,6,176000.0,152000.0,5.00,suburban_background,1696341600,1696345200,12.6495,3.1005
STA-E06-ST12-0,ST12,6,46000.0,158000.0,9.50,rural_background,1696323600,1696327200,2.0822,2.6334
STA-E06-ST12-1,ST12,6,46000.0,158000.0,9.50,rural_background,1696327200,1696330800,-2.3894,3.3528
STA-E06-ST12-2,ST12,6,46000.0,158000.0,9.50,rural_background,1696330800,1696334400,-1.6344,3.2465
STA-E06-ST12-3,ST12,6,46000.0,158000.0,9.50,rural_background,1696334400,1696338000,3.9061,3.2854
STA-E06-ST12-4,ST12,6,46000.0,158000.0,9.50,rural_background,1696338000,1696341600,-3.0160,2.9315
STA-E06-ST12-5,ST12,6,46000.0,158000.0,9.50,rural_background,1696341600,1696345200,-2.6922,2.9427
STA-E07-ST01-0,ST01,7,14000.0,118000.0,3.50,urban_traffic,1696759200,1696762800,0.4981,1.8085
STA-E07-ST01-1,ST01,7,14000.0,118000.0,3.50,urban_traffic,1696762800,1696766400,5.0946,2.0715
STA-E07-ST01-2,ST01,7,14000.0,118000.0,3.50,urban_traffic,1696766400,1696770000,2.3151,1.8718
STA-E07-ST01-3,ST01,7,14000.0,118000.0,3.50,urban_traffic,1696770000,1696773600,4.3530,2.1086
STA-E07-ST01-4,ST01,7,14000.0,118000.0,3.50,urban_traffic,1696773600,1696777200,9.6718,2.0021
STA-E07-ST01-5,ST01,7,14000.0,118000.0,3.50,urban_traffic,1696777200,1696780800,8.8333,2.2651
STA-E07-ST02-0,ST02,7,121500.0,101000.0,4.00,urban_background,1696759200,1696762800,8.4788,1.7634
STA-E07-ST02-1,ST02,7,121500.0,101000.0,4.00,urban_background,1696762800,1696766400,8.7656,1.7015
STA-E07-ST02-2,ST02,7,121500.0,101000.0,4.00,urban_background,1696766400,1696770000,9.7691,2.1161
STA-E07-ST02-3,ST02,7,121500.0,101000.0,4.00,urban_background,1696770000,1696773600,7.6846,2.0073
STA-E07-ST02-4,ST02,7,121500.0,101000.0,4.00,urban_background,1696773600,1696777200,12.8852,2.0638
STA-E07-ST02-5,ST02,7,121500.0,101000.0,4.00,urban_background,1696777200,1696780800,23.0689,2.0973
STA-E07-ST03-0,ST03,7,104000.0,88000.0,3.00,urban_traffic,1696759200,1696762800,7.4610,2.8169
STA-E07-ST03-1,ST03,7,104000.0,88000.0,3.00,urban_traffic,1696762800,1696766400,10.1644,2.8543
STA-E07-ST03-2,ST03,7,104000.0,88000.0,3.00,urban_traffic,1696766400,1696770000,7.5592,2.8905
STA-E07-ST03-3,ST03,7,104000.0,88000.0,3.00,urban_traffic,1696770000,1696773600,14.7632,2.8613
STA-E07-ST03-4,ST03,7,104000.0,88000.0,3.00,urban_traffic,1696773600,1696777200,25.3968,2.8034
STA-E07-ST03-5,ST03,7,104000.0,88000.0,3.00,urban_traffic,1696777200,1696780800,31.2294,2.9781
STA-E07-ST04-0,ST04,7,66000.0,132000.0,5.50,suburban_industrial,1696759200,1696762800,5.0392,3.0645
STA-E07-ST04-1,ST04,7,66000.0,132000.0,5.50,suburban_industrial,1696762800,1696766400,1.9769,2.6845
STA-E07-ST04-2,ST04,7,66000.0,132000.0,5.50,suburban_industrial,1696766400,1696770000,11.5031,3.3654
STA-E07-ST04-3,ST04,7,66000.0,132000.0,5.50,suburban_industrial,1696770000,1696773600,4.0239,3.0993
STA-E07-ST04-4,ST04,7,66000.0,132000.0,5.50,suburban_industrial,1696773600,1696777200,11.7854,3.3392
STA-E07-ST04-5,ST04,7,66000.0,132000.0,5.50,suburban_industrial,1696777200,1696780800,10.4561,3.0530
STA-E07-ST05-0,ST05,7,191000.0,92000.0,3.50,urban_traffic,1696759200,1696762800,12.4298,2.1549
STA-E07-ST05-1,ST05,7,191000.0,92000.0,3.50,urban_traffic,1696762800,1696766400,8.5175,1.6113
STA-E07-ST05-2,ST05,7,191000.0,92000.0,3.50,urban_traffic,1696766400,1696770000,10.5939,1.8055
STA-E07-ST05-3,ST05,7,191000.0,92000.0,3.50,urban_traffic,1696770000,1696773600,5.9685,2.1036
STA-E07-ST05-4,ST05,7,191000.0,92000.0,3.50,urban_traffic,1696773600,1696777200,18.3699,1.6397
STA-E07-ST05-5,ST05,7,191000.0,92000.0,3.50,urban_traffic,1696777200,1696780800,26.5949,2.0802
STA-E07-ST06-0,ST06,7,209000.0,118000.0,8.00,suburban_background,1696759200,1696762800,-5.6393,3.0466
STA-E07-ST06-1,ST06,7,209000.0,118000.0,8.00,suburban_background,1696762800,1696766400,-0.4902,3.6772
STA-E07-ST06-2,ST06,7,209000.0,118000.0,8.00,suburban_background,1696766400,1696770000,3.2596,3.0268
STA-E07-ST06-3,ST06,7,209000.0,118000.0,8.00,suburban_background,1696770000,1696773600,10.0438,3.2131
STA-E07-ST06-4,ST06,7,209000.0,118000.0,8.00,suburban_background,1696773600,1696777200,4.2455,3.0478
STA-E07-ST06-5,ST06,7,209000.0,118000.0,8.00,suburban_background,1696777200,1696780800,6.4026,3.4603
STA-E07-ST07-0,ST07,7,72000.0,24000.0,4.50,rural_background,1696759200,1696762800,4.8324,1.8671
STA-E07-ST07-1,ST07,7,72000.0,24000.0,4.50,rural_background,1696762800,1696766400,4.3604,2.0196
STA-E07-ST07-2,ST07,7,72000.0,24000.0,4.50,rural_background,1696766400,1696770000,3.2912,1.8739
STA-E07-ST07-3,ST07,7,72000.0,24000.0,4.50,rural_background,1696770000,1696773600,1.5827,1.9288
STA-E07-ST07-4,ST07,7,72000.0,24000.0,4.50,rural_background,1696773600,1696777200,6.5283,2.0344
STA-E07-ST07-5,ST07,7,72000.0,24000.0,4.50,rural_background,1696777200,1696780800,9.8216,2.3356
STA-E07-ST08-0,ST08,7,144000.0,28000.0,3.00,rural_traffic,1696759200,1696762800,9.8145,1.7624
STA-E07-ST08-1,ST08,7,144000.0,28000.0,3.00,rural_traffic,1696762800,1696766400,6.9112,2.0994
STA-E07-ST08-2,ST08,7,144000.0,28000.0,3.00,rural_traffic,1696766400,1696770000,12.1380,1.7507
STA-E07-ST08-3,ST08,7,144000.0,28000.0,3.00,rural_traffic,1696770000,1696773600,12.6975,2.1377
STA-E07-ST08-4,ST08,7,144000.0,28000.0,3.00,rural_traffic,1696773600,1696777200,16.7175,1.7009
STA-E07-ST08-5,ST08,7,144000.0,28000.0,3.00,rural_traffic,1696777200,1696780800,25.3779,1.9376
STA-E07-ST09-0,ST09,7,30000.0,66000.0,4.00,suburban_traffic,1696759200,1696762800,22.0671,1.9964
STA-E07-ST09-1,ST09,7,30000.0,66000.0,4.00,suburban_traffic,1696762800,1696766400,18.5171,1.6762
STA-E07-ST09-2,ST09,7,30000.0,66000.0,4.00,suburban_traffic,1696766400,1696770000,18.0772,1.9390
STA-E07-ST09-3,ST09,7,30000.0,66000.0,4.00,suburban_traffic,1696770000,1696773600,25.3419,1.8113
STA-E07-ST09-4,ST09,7,30000.0,66000.0,4.00,suburban_traffic,1696773600,1696777200,33.5066,2.1253
STA-E07-ST09-5,ST09,7,30000.0,66000.0,4.00,suburban_traffic,1696777200,1696780800,58.0866,1.9241
STA-E07-ST10-0,ST10,7,96000.0,60000.0,6.00,rural_background,1696759200,1696762800,3.4235,3.8295
STA-E07-ST10-1,ST10,7,96000.0,60000.0,6.00,rural_background,1696762800,1696766400,5.2347,3.8193
STA-E07-ST10-2,ST10,7,96000.0,60000.0,6.00,rural_background,1696766400,1696770000,4.5970,3.8035
STA-E07-ST10-3,ST10,7,96000.0,60000.0,6.00,rural_background,1696770000,1696773600,2.3129,3.1339
STA-E07-ST10-4,ST10,7,96000.0,60000.0,6.00,rural_background,1696773600,1696777200,16.7437,3.1782
STA-E07-ST10-5,ST10,7,96000.0,60000.0,6.00,rural_background,1696777200,1696780800,12.8891,3.2925
STA-E07-ST11-0,ST11,7,176000.0,152000.0,5.00,suburban_background,1696759200,1696762800,0.7675,3.8119
STA-E07-ST11-1,ST11,7,176000.0,152000.0,5.00,suburban_background,1696762800,1696766400,3.0480,3.2154
STA-E07-ST11-2,ST11,7,176000.0,152000.0,5.00,suburban_background,1696766400,1696770000,-2.6216,3.0797
STA-E07-ST11-3,ST11,7,176000.0,152000.0,5.00,suburban_background,1696770000,1696773600,-0.0007,3.2283
STA-E07-ST11-4,ST11,7,176000.0,152000.0,5.00,suburban_background,1696773600,1696777200,-0.9460,3.1145
STA-E07-ST11-5,ST11,7,176000.0,152000.0,5.00,suburban_background,1696777200,1696780800,0.5161,3.5669
STA-E07-ST12-0,ST12,7,46000.0,158000.0,9.50,rural_background,1696759200,1696762800,0.8384,2.7646
STA-E07-ST12-1,ST12,7,46000.0,158000.0,9.50,rural_background,1696762800,1696766400,-4.6768,3.3103
STA-E07-ST12-2,ST12,7,46000.0,158000.0,9.50,rural_background,1696766400,1696770000,4.1324,3.4155
STA-E07-ST12-3,ST12,7,46000.0,158000.0,9.50,rural_background,1696770000,1696773600,2.1375,2.7267
STA-E07-ST12-4,ST12,7,46000.0,158000.0,9.50,rural_background,1696773600,1696777200,6.7994,3.3499
STA-E07-ST12-5,ST12,7,46000.0,158000.0,9.50,rural_background,1696777200,1696780800,2.4575,2.6848
STA-E08-ST01-0,ST01,8,14000.0,118000.0,3.50,urban_traffic,1697274000,1697277600,0.6276,1.8006
STA-E08-ST01-1,ST01,8,14000.0,118000.0,3.50,urban_traffic,1697277600,1697281200,7.3576,2.1865
STA-E08-ST01-2,ST01,8,14000.0,118000.0,3.50,urban_traffic,1697281200,1697284800,5.3365,2.0509
STA-E08-ST01-3,ST01,8,14000.0,118000.0,3.50,urban_traffic,1697284800,1697288400,4.2858,2.1301
STA-E08-ST01-4,ST01,8,14000.0,118000.0,3.50,urban_traffic,1697288400,1697292000,4.0660,1.9806
STA-E08-ST01-5,ST01,8,14000.0,118000.0,3.50,urban_traffic,1697292000,1697295600,6.2392,1.8184
STA-E08-ST02-0,ST02,8,121500.0,101000.0,4.00,urban_background,1697274000,1697277600,23.0952,2.0900
STA-E08-ST02-1,ST02,8,121500.0,101000.0,4.00,urban_background,1697277600,1697281200,22.3012,2.0028
STA-E08-ST02-2,ST02,8,121500.0,101000.0,4.00,urban_background,1697281200,1697284800,17.1661,1.8598
STA-E08-ST02-3,ST02,8,121500.0,101000.0,4.00,urban_background,1697284800,1697288400,19.3835,1.9505
STA-E08-ST02-4,ST02,8,121500.0,101000.0,4.00,urban_background,1697288400,1697292000,28.5681,2.0707
STA-E08-ST02-5,ST02,8,121500.0,101000.0,4.00,urban_background,1697292000,1697295600,40.2951,1.6709
STA-E08-ST03-0,ST03,8,104000.0,88000.0,3.00,urban_traffic,1697274000,1697277600,13.0312,2.8972
STA-E08-ST03-1,ST03,8,104000.0,88000.0,3.00,urban_traffic,1697277600,1697281200,6.8032,3.1403
STA-E08-ST03-2,ST03,8,104000.0,88000.0,3.00,urban_traffic,1697281200,1697284800,6.9036,2.8997
STA-E08-ST03-3,ST03,8,104000.0,88000.0,3.00,urban_traffic,1697284800,1697288400,11.6924,3.0068
STA-E08-ST03-4,ST03,8,104000.0,88000.0,3.00,urban_traffic,1697288400,1697292000,12.3150,2.9053
STA-E08-ST03-5,ST03,8,104000.0,88000.0,3.00,urban_traffic,1697292000,1697295600,22.0911,2.5091
STA-E08-ST04-0,ST04,8,66000.0,132000.0,5.50,suburban_industrial,1697274000,1697277600,5.6874,2.8572
STA-E08-ST04-1,ST04,8,66000.0,132000.0,5.50,suburban_industrial,1697277600,1697281200,7.1352,3.2743
STA-E08-ST04-2,ST04,8,66000.0,132000.0,5.50,suburban_industrial,1697281200,1697284800,3.4954,3.2486
STA-E08-ST04-3,ST04,8,66000.0,132000.0,5.50,suburban_industrial,1697284800,1697288400,9.4310,3.3858
STA-E08-ST04-4,ST04,8,66000.0,132000.0,5.50,suburban_industrial,1697288400,1697292000,4.6022,2.6644
STA-E08-ST04-5,ST04,8,66000.0,132000.0,5.50,suburban_industrial,1697292000,1697295600,8.8712,2.6334
STA-E08-ST05-0,ST05,8,191000.0,92000.0,3.50,urban_traffic,1697274000,1697277600,32.2188,1.7712
STA-E08-ST05-1,ST05,8,191000.0,92000.0,3.50,urban_traffic,1697277600,1697281200,23.1864,1.6458
STA-E08-ST05-2,ST05,8,191000.0,92000.0,3.50,urban_traffic,1697281200,1697284800,26.7935,2.1577
STA-E08-ST05-3,ST05,8,191000.0,92000.0,3.50,urban_traffic,1697284800,1697288400,23.2633,1.8336
STA-E08-ST05-4,ST05,8,191000.0,92000.0,3.50,urban_traffic,1697288400,1697292000,33.1485,1.9013
STA-E08-ST05-5,ST05,8,191000.0,92000.0,3.50,urban_traffic,1697292000,1697295600,44.8650,1.8680
STA-E08-ST06-0,ST06,8,209000.0,118000.0,8.00,suburban_background,1697274000,1697277600,30.0839,3.3583
STA-E08-ST06-1,ST06,8,209000.0,118000.0,8.00,suburban_background,1697277600,1697281200,30.5718,3.4090
STA-E08-ST06-2,ST06,8,209000.0,118000.0,8.00,suburban_background,1697281200,1697284800,22.7129,2.8330
STA-E08-ST06-3,ST06,8,209000.0,118000.0,8.00,suburban_background,1697284800,1697288400,26.3672,3.0583
STA-E08-ST06-4,ST06,8,209000.0,118000.0,8.00,suburban_background,1697288400,1697292000,32.0354,2.9906
STA-E08-ST06-5,ST06,8,209000.0,118000.0,8.00,suburban_background,1697292000,1697295600,42.8936,3.7027
STA-E08-ST07-0,ST07,8,72000.0,24000.0,4.50,rural_background,1697274000,1697277600,4.6547,2.3651
STA-E08-ST07-1,ST07,8,72000.0,24000.0,4.50,rural_background,1697277600,1697281200,0.8399,2.1308
STA-E08-ST07-2,ST07,8,72000.0,24000.0,4.50,rural_background,1697281200,1697284800,2.8926,1.8149
STA-E08-ST07-3,ST07,8,72000.0,24000.0,4.50,rural_background,1697284800,1697288400,2.1277,2.0589
STA-E08-ST07-4,ST07,8,72000.0,24000.0,4.50,rural_background,1697288400,1697292000,7.5780,1.7878
STA-E08-ST07-5,ST07,8,72000.0,24000.0,4.50,rural_background,1697292000,1697295600,5.6696,1.8959
STA-E08-ST08-0,ST08,8,144000.0,28000.0,3.00,rural_traffic,1697274000,1697277600,2.1461,2.1736
STA-E08-ST08-1,ST08,8,144000.0,28000.0,3.00,rural_traffic,1697277600,1697281200,4.0322,2.1369
STA-E08-ST08-2,ST08,8,144000.0,28000.0,3.00,rural_traffic,1697281200,1697284800,6.1977,1.7649
STA-E08-ST08-3,ST08,8,144000.0,28000.0,3.00,rural_traffic,1697284800,1697288400,3.5521,1.7028
STA-E08-ST08-4,ST08,8,144000.0,28000.0,3.00,rural_traffic,1697288400,1697292000,5.7992,2.0358
STA-E08-ST08-5,ST08,8,144000.0,28000.0,3.00,rural_traffic,1697292000,1697295600,7.2651,1.8185
STA-E08-ST09-0,ST09,8,30000.0,66000.0,4.00,suburban_traffic,1697274000,1697277600,3.9083,1.6963
STA-E08-ST09-1,ST09,8,30000.0,66000.0,4.00,suburban_traffic,1697277600,1697281200,7.7308,1.9190
STA-E08-ST09-2,ST09,8,30000.0,66000.0,4.00,suburban_traffic,1697281200,1697284800,8.7809,1.9735
STA-E08-ST09-3,ST09,8,30000.0,66000.0,4.00,suburban_traffic,1697284800,1697288400,9.5812,2.0139
STA-E08-ST09-4,ST09,8,30000.0,66000.0,4.00,suburban_traffic,1697288400,1697292000,9.1291,1.9796
STA-E08-ST09-5,ST09,8,30000.0,66000.0,4.00,suburban_traffic,1697292000,1697295600,12.7515,1.6320
STA-E08-ST10-0,ST10,8,96000.0,60000.0,6.00,rural_background,1697274000,1697277600,7.7409,3.4522
STA-E08-ST10-1,ST10,8,96000.0,60000.0,6.00,rural_background,1697277600,1697281200,4.1417,3.7861
STA-E08-ST10-2,ST10,8,96000.0,60000.0,6.00,rural_background,1697281200,1697284800,3.9041,3.3604
STA-E08-ST10-3,ST10,8,96000.0,60000.0,6.00,rural_background,1697284800,1697288400,5.3252,3.3431
STA-E08-ST10-4,ST10,8,96000.0,60000.0,6.00,rural_background,1697288400,1697292000,5.5019,3.8086
STA-E08-ST10-5,ST10,8,96000.0,60000.0,6.00,rural_background,1697292000,1697295600,6.2964,3.0781
STA-E08-ST11-0,ST11,8,176000.0,152000.0,5.00,suburban_background,1697274000,1697277600,3.3623,2.9914
STA-E08-ST11-1,ST11,8,176000.0,152000.0,5.00,suburban_background,1697277600,1697281200,3.8696,3.5061
STA-E08-ST11-2,ST11,8,176000.0,152000.0,5.00,suburban_background,1697281200,1697284800,2.9796,3.1893
STA-E08-ST11-3,ST11,8,176000.0,152000.0,5.00,suburban_background,1697284800,1697288400,2.3278,3.1441
STA-E08-ST11-4,ST11,8,176000.0,152000.0,5.00,suburban_background,1697288400,1697292000,4.9977,3.1183
STA-E08-ST11-5,ST11,8,176000.0,152000.0,5.00,suburban_background,1697292000,1697295600,4.6985,3.0801
STA-E08-ST12-0,ST12,8,46000.0,158000.0,9.50,rural_background,1697274000,1697277600,7.8241,2.9683
STA-E08-ST12-1,ST12,8,46000.0,158000.0,9.50,rural_background,1697277600,1697281200,-1.0825,3.0905
STA-E08-ST12-2,ST12,8,46000.0,158000.0,9.50,rural_background,1697281200,1697284800,-0.4596,3.4191
STA-E08-ST12-3,ST12,8,46000.0,158000.0,9.50,rural_background,1697284800,1697288400,10.6056,3.2876
STA-E08-ST12-4,ST12,8,46000.0,158000.0,9.50,rural_background,1697288400,1697292000,7.1819,3.3935
STA-E08-ST12-5,ST12,8,46000.0,158000.0,9.50,rural_background,1697292000,1697295600,4.8092,3.1887
STA-E12-ST01-0,ST01,12,14000.0,118000.0,3.50,urban_traffic,1707127200,1707130800,1.1786,2.3251
STA-E12-ST01-1,ST01,12,14000.0,118000.0,3.50,urban_traffic,1707130800,1707134400,0.1274,2.2231
STA-E12-ST01-2,ST01,12,14000.0,118000.0,3.50,urban_traffic,1707134400,1707138000,-2.0326,2.1467
STA-E12-ST01-3,ST01,12,14000.0,118000.0,3.50,urban_traffic,1707138000,1707141600,4.4319,2.2231
STA-E12-ST01-4,ST01,12,14000.0,118000.0,3.50,urban_traffic,1707141600,1707145200,1.1208,2.0970
STA-E12-ST01-5,ST01,12,14000.0,118000.0,3.50,urban_traffic,1707145200,1707148800,2.5239,2.1012
STA-E12-ST02-0,ST02,12,121500.0,101000.0,4.00,urban_background,1707127200,1707130800,-2.0949,2.0919
STA-E12-ST02-1,ST02,12,121500.0,101000.0,4.00,urban_background,1707130800,1707134400,8.9718,2.0418
STA-E12-ST02-2,ST02,12,121500.0,101000.0,4.00,urban_background,1707134400,1707138000,6.5784,2.1143
STA-E12-ST02-3,ST02,12,121500.0,101000.0,4.00,urban_background,1707138000,1707141600,3.3538,2.1815
STA-E12-ST02-4,ST02,12,121500.0,101000.0,4.00,urban_background,1707141600,1707145200,8.3451,1.7403
STA-E12-ST02-5,ST02,12,121500.0,101000.0,4.00,urban_background,1707145200,1707148800,20.0776,1.7029
STA-E12-ST03-0,ST03,12,104000.0,88000.0,3.00,urban_traffic,1707127200,1707130800,4.0927,2.9406
STA-E12-ST03-1,ST03,12,104000.0,88000.0,3.00,urban_traffic,1707130800,1707134400,5.3304,2.5293
STA-E12-ST03-2,ST03,12,104000.0,88000.0,3.00,urban_traffic,1707134400,1707138000,4.0918,2.8877
STA-E12-ST03-3,ST03,12,104000.0,88000.0,3.00,urban_traffic,1707138000,1707141600,4.3541,2.8253
STA-E12-ST03-4,ST03,12,104000.0,88000.0,3.00,urban_traffic,1707141600,1707145200,11.1832,3.2397
STA-E12-ST03-5,ST03,12,104000.0,88000.0,3.00,urban_traffic,1707145200,1707148800,9.5607,3.0973
STA-E12-ST04-0,ST04,12,66000.0,132000.0,5.50,suburban_industrial,1707127200,1707130800,0.7982,3.3599
STA-E12-ST04-1,ST04,12,66000.0,132000.0,5.50,suburban_industrial,1707130800,1707134400,0.4344,3.1356
STA-E12-ST04-2,ST04,12,66000.0,132000.0,5.50,suburban_industrial,1707134400,1707138000,2.4268,2.6173
STA-E12-ST04-3,ST04,12,66000.0,132000.0,5.50,suburban_industrial,1707138000,1707141600,0.1768,2.9200
STA-E12-ST04-4,ST04,12,66000.0,132000.0,5.50,suburban_industrial,1707141600,1707145200,4.7741,2.8770
STA-E12-ST04-5,ST04,12,66000.0,132000.0,5.50,suburban_industrial,1707145200,1707148800,5.7810,3.3580
STA-E12-ST05-0,ST05,12,191000.0,92000.0,3.50,urban_traffic,1707127200,1707130800,3.9823,1.9124
STA-E12-ST05-1,ST05,12,191000.0,92000.0,3.50,urban_traffic,1707130800,1707134400,1.6368,1.6105
STA-E12-ST05-2,ST05,12,191000.0,92000.0,3.50,urban_traffic,1707134400,1707138000,-0.0435,1.9298
STA-E12-ST05-3,ST05,12,191000.0,92000.0,3.50,urban_traffic,1707138000,1707141600,0.9634,1.9412
STA-E12-ST05-4,ST05,12,191000.0,92000.0,3.50,urban_traffic,1707141600,1707145200,4.3593,1.7397
STA-E12-ST05-5,ST05,12,191000.0,92000.0,3.50,urban_traffic,1707145200,1707148800,5.7895,2.0121
STA-E12-ST06-0,ST06,12,209000.0,118000.0,8.00,suburban_background,1707127200,1707130800,0.1186,3.5385
STA-E12-ST06-1,ST06,12,209000.0,118000.0,8.00,suburban_background,1707130800,1707134400,3.1416,2.9879
STA-E12-ST06-2,ST06,12,209000.0,118000.0,8.00,suburban_background,1707134400,1707138000,-4.4597,2.9818
STA-E12-ST06-3,ST06,12,209000.0,118000.0,8.00,suburban_background,1707138000,1707141600,7.2519,3.2064
STA-E12-ST06-4,ST06,12,209000.0,118000.0,8.00,suburban_background,1707141600,1707145200,7.2204,3.0593
STA-E12-ST06-5,ST06,12,209000.0,118000.0,8.00,suburban_background,1707145200,1707148800,5.5323,2.8954
STA-E12-ST07-0,ST07,12,72000.0,24000.0,4.50,rural_background,1707127200,1707130800,1.2465,2.3592
STA-E12-ST07-1,ST07,12,72000.0,24000.0,4.50,rural_background,1707130800,1707134400,-1.4179,2.2346
STA-E12-ST07-2,ST07,12,72000.0,24000.0,4.50,rural_background,1707134400,1707138000,3.0540,2.1694
STA-E12-ST07-3,ST07,12,72000.0,24000.0,4.50,rural_background,1707138000,1707141600,1.1153,2.3726
STA-E12-ST07-4,ST07,12,72000.0,24000.0,4.50,rural_background,1707141600,1707145200,6.3255,1.9219
STA-E12-ST07-5,ST07,12,72000.0,24000.0,4.50,rural_background,1707145200,1707148800,5.4532,2.1237
STA-E12-ST08-0,ST08,12,144000.0,28000.0,3.00,rural_traffic,1707127200,1707130800,1.5273,1.8773
STA-E12-ST08-1,ST08,12,144000.0,28000.0,3.00,rural_traffic,1707130800,1707134400,4.4596,1.7905
STA-E12-ST08-2,ST08,12,144000.0,28000.0,3.00,rural_traffic,1707134400,1707138000,-1.4574,2.0420
STA-E12-ST08-3,ST08,12,144000.0,28000.0,3.00,rural_traffic,1707138000,1707141600,0.2633,1.8608
STA-E12-ST08-4,ST08,12,144000.0,28000.0,3.00,rural_traffic,1707141600,1707145200,2.2668,2.1507
STA-E12-ST08-5,ST08,12,144000.0,28000.0,3.00,rural_traffic,1707145200,1707148800,4.0551,1.7910
STA-E12-ST09-0,ST09,12,30000.0,66000.0,4.00,suburban_traffic,1707127200,1707130800,3.1635,1.7414
STA-E12-ST09-1,ST09,12,30000.0,66000.0,4.00,suburban_traffic,1707130800,1707134400,7.1359,2.0333
STA-E12-ST09-2,ST09,12,30000.0,66000.0,4.00,suburban_traffic,1707134400,1707138000,6.5874,2.0190
STA-E12-ST09-3,ST09,12,30000.0,66000.0,4.00,suburban_traffic,1707138000,1707141600,4.7859,1.8577
STA-E12-ST09-4,ST09,12,30000.0,66000.0,4.00,suburban_traffic,1707141600,1707145200,7.7609,2.0789
STA-E12-ST09-5,ST09,12,30000.0,66000.0,4.00,suburban_traffic,1707145200,1707148800,11.5119,2.1114
STA-E12-ST10-0,ST10,12,96000.0,60000.0,6.00,rural_background,1707127200,1707130800,1.3977,3.4391
STA-E12-ST10-1,ST10,12,96000.0,60000.0,6.00,rural_background,1707130800,1707134400,-2.5627,3.3478
STA-E12-ST10-2,ST10,12,96000.0,60000.0,6.00,rural_background,1707134400,1707138000,-0.3677,3.8347
STA-E12-ST10-3,ST10,12,96000.0,60000.0,6.00,rural_background,1707138000,1707141600,3.8521,3.5746
STA-E12-ST10-4,ST10,12,96000.0,60000.0,6.00,rural_background,1707141600,1707145200,-4.1410,3.6837
STA-E12-ST10-5,ST10,12,96000.0,60000.0,6.00,rural_background,1707145200,1707148800,0.8598,3.1846
STA-E12-ST11-0,ST11,12,176000.0,152000.0,5.00,suburban_background,1707127200,1707130800,8.6930,3.7726
STA-E12-ST11-1,ST11,12,176000.0,152000.0,5.00,suburban_background,1707130800,1707134400,9.5400,3.1308
STA-E12-ST11-2,ST11,12,176000.0,152000.0,5.00,suburban_background,1707134400,1707138000,10.7329,2.8889
STA-E12-ST11-3,ST11,12,176000.0,152000.0,5.00,suburban_background,1707138000,1707141600,11.4760,3.2138
STA-E12-ST11-4,ST11,12,176000.0,152000.0,5.00,suburban_background,1707141600,1707145200,10.8531,2.9540
STA-E12-ST11-5,ST11,12,176000.0,152000.0,5.00,suburban_background,1707145200,1707148800,23.2992,3.8008
STA-E12-ST12-0,ST12,12,46000.0,158000.0,9.50,rural_background,1707127200,1707130800,5.6187,2.6627
STA-E12-ST12-1,ST12,12,46000.0,158000.0,9.50,rural_background,1707130800,1707134400,-1.5733,3.3679
STA-E12-ST12-2,ST12,12,46000.0,158000.0,9.50,rural_background,1707134400,1707138000,-0.8968,2.8498
STA-E12-ST12-3,ST12,12,46000.0,158000.0,9.50,rural_background,1707138000,1707141600,3.8352,3.3464
STA-E12-ST12-4,ST12,12,46000.0,158000.0,9.50,rural_background,1707141600,1707145200,-5.8971,3.1126
STA-E12-ST12-5,ST12,12,46000.0,158000.0,9.50,rural_background,1707145200,1707148800,3.0037,2.8347
STA-E13-ST01-0,ST01,13,14000.0,118000.0,3.50,urban_traffic,1707649200,1707652800,3.0166,2.2139
STA-E13-ST01-1,ST01,13,14000.0,118000.0,3.50,urban_traffic,1707652800,1707656400,2.0004,1.9279
STA-E13-ST01-2,ST01,13,14000.0,118000.0,3.50,urban_traffic,1707656400,1707660000,3.3362,1.7809
STA-E13-ST01-3,ST01,13,14000.0,118000.0,3.50,urban_traffic,1707660000,1707663600,3.3752,1.9894
STA-E13-ST01-4,ST01,13,14000.0,118000.0,3.50,urban_traffic,1707663600,1707667200,1.8526,2.3190
STA-E13-ST01-5,ST01,13,14000.0,118000.0,3.50,urban_traffic,1707667200,1707670800,4.3817,2.0161
STA-E13-ST02-0,ST02,13,121500.0,101000.0,4.00,urban_background,1707649200,1707652800,8.6920,2.0070
STA-E13-ST02-1,ST02,13,121500.0,101000.0,4.00,urban_background,1707652800,1707656400,8.7308,1.8778
STA-E13-ST02-2,ST02,13,121500.0,101000.0,4.00,urban_background,1707656400,1707660000,9.4836,2.0003
STA-E13-ST02-3,ST02,13,121500.0,101000.0,4.00,urban_background,1707660000,1707663600,15.6754,1.8292
STA-E13-ST02-4,ST02,13,121500.0,101000.0,4.00,urban_background,1707663600,1707667200,23.1660,1.8250
STA-E13-ST02-5,ST02,13,121500.0,101000.0,4.00,urban_background,1707667200,1707670800,48.0642,1.8511
STA-E13-ST03-0,ST03,13,104000.0,88000.0,3.00,urban_traffic,1707649200,1707652800,17.2466,2.4759
STA-E13-ST03-1,ST03,13,104000.0,88000.0,3.00,urban_traffic,1707652800,1707656400,12.8747,2.4783
STA-E13-ST03-2,ST03,13,104000.0,88000.0,3.00,urban_traffic,1707656400,1707660000,13.8532,3.2776
STA-E13-ST03-3,ST03,13,104000.0,88000.0,3.00,urban_traffic,1707660000,1707663600,25.1224,2.7476
STA-E13-ST03-4,ST03,13,104000.0,88000.0,3.00,urban_traffic,1707663600,1707667200,42.0619,2.7697
STA-E13-ST03-5,ST03,13,104000.0,88000.0,3.00,urban_traffic,1707667200,1707670800,72.2653,2.6483
STA-E13-ST04-0,ST04,13,66000.0,132000.0,5.50,suburban_industrial,1707649200,1707652800,2.5732,2.7163
STA-E13-ST04-1,ST04,13,66000.0,132000.0,5.50,suburban_industrial,1707652800,1707656400,6.9805,2.6760
STA-E13-ST04-2,ST04,13,66000.0,132000.0,5.50,suburban_industrial,1707656400,1707660000,11.9735,3.2578
STA-E13-ST04-3,ST04,13,66000.0,132000.0,5.50,suburban_industrial,1707660000,1707663600,4.1291,3.3918
STA-E13-ST04-4,ST04,13,66000.0,132000.0,5.50,suburban_industrial,1707663600,1707667200,9.1637,3.1997
STA-E13-ST04-5,ST04,13,66000.0,132000.0,5.50,suburban_industrial,1707667200,1707670800,24.6331,2.8483
STA-E13-ST05-0,ST05,13,191000.0,92000.0,3.50,urban_traffic,1707649200,1707652800,10.2408,1.8943
STA-E13-ST05-1,ST05,13,191000.0,92000.0,3.50,urban_traffic,1707652800,1707656400,12.6790,1.7275
STA-E13-ST05-2,ST05,13,191000.0,92000.0,3.50,urban_traffic,1707656400,1707660000,14.9792,1.8831
STA-E13-ST05-3,ST05,13,191000.0,92000.0,3.50,urban_traffic,1707660000,1707663600,21.7125,1.7910
STA-E13-ST05-4,ST05,13,191000.0,92000.0,3.50,urban_traffic,1707663600,1707667200,38.5275,2.0117
STA-E13-ST05-5,ST05,13,191000.0,92000.0,3.50,urban_traffic,1707667200,1707670800,77.8805,1.8547
STA-E13-ST06-0,ST06,13,209000.0,118000.0,8.00,suburban_background,1707649200,1707652800,2.4706,2.9037
STA-E13-ST06-1,ST06,13,209000.0,118000.0,8.00,suburban_background,1707652800,1707656400,6.3159,3.6897
STA-E13-ST06-2,ST06,13,209000.0,118000.0,8.00,suburban_background,1707656400,1707660000,-0.5071,2.8261
STA-E13-ST06-3,ST06,13,209000.0,118000.0,8.00,suburban_background,1707660000,1707663600,3.4087,2.8354
STA-E13-ST06-4,ST06,13,209000.0,118000.0,8.00,suburban_background,1707663600,1707667200,9.7042,3.6892
STA-E13-ST06-5,ST06,13,209000.0,118000.0,8.00,suburban_background,1707667200,1707670800,6.7504,3.4248
STA-E13-ST07-0,ST07,13,72000.0,24000.0,4.50,rural_background,1707649200,1707652800,4.4395,2.3225
STA-E13-ST07-1,ST07,13,72000.0,24000.0,4.50,rural_background,1707652800,1707656400,4.4574,2.0249
STA-E13-ST07-2,ST07,13,72000.0,24000.0,4.50,rural_background,1707656400,1707660000,3.6049,2.1048
STA-E13-ST07-3,ST07,13,72000.0,24000.0,4.50,rural_background,1707660000,1707663600,5.8453,2.0096
STA-E13-ST07-4,ST07,13,72000.0,24000.0,4.50,rural_background,1707663600,1707667200,4.9338,2.1252
STA-E13-ST07-5,ST07,13,72000.0,24000.0,4.50,rural_background,1707667200,1707670800,9.5029,2.1884
STA-E13-ST08-0,ST08,13,144000.0,28000.0,3.00,rural_traffic,1707649200,1707652800,5.3095,1.9441
STA-E13-ST08-1,ST08,13,144000.0,28000.0,3.00,rural_traffic,1707652800,1707656400,7.9507,2.0588
STA-E13-ST08-2,ST08,13,144000.0,28000.0,3.00,rural_traffic,1707656400,1707660000,4.9054,1.9904
STA-E13-ST08-3,ST08,13,144000.0,28000.0,3.00,rural_traffic,1707660000,1707663600,10.7097,2.1059
STA-E13-ST08-4,ST08,13,144000.0,28000.0,3.00,rural_traffic,1707663600,1707667200,16.3412,1.8476
STA-E13-ST08-5,ST08,13,144000.0,28000.0,3.00,rural_traffic,1707667200,1707670800,30.2911,1.7191
STA-E13-ST09-0,ST09,13,30000.0,66000.0,4.00,suburban_traffic,1707649200,1707652800,8.8886,2.1297
STA-E13-ST09-1,ST09,13,30000.0,66000.0,4.00,suburban_traffic,1707652800,1707656400,5.6858,2.0753
STA-E13-ST09-2,ST09,13,30000.0,66000.0,4.00,suburban_traffic,1707656400,1707660000,3.6786,1.9738
STA-E13-ST09-3,ST09,13,30000.0,66000.0,4.00,suburban_traffic,1707660000,1707663600,17.1561,1.9856
STA-E13-ST09-4,ST09,13,30000.0,66000.0,4.00,suburban_traffic,1707663600,1707667200,22.1316,1.9083
STA-E13-ST09-5,ST09,13,30000.0,66000.0,4.00,suburban_traffic,1707667200,1707670800,47.3597,1.7737
STA-E13-ST10-0,ST10,13,96000.0,60000.0,6.00,rural_background,1707649200,1707652800,15.5214,3.8599
STA-E13-ST10-1,ST10,13,96000.0,60000.0,6.00,rural_background,1707652800,1707656400,10.7775,3.3389
STA-E13-ST10-2,ST10,13,96000.0,60000.0,6.00,rural_background,1707656400,1707660000,14.1462,3.7235
STA-E13-ST10-3,ST10,13,96000.0,60000.0,6.00,rural_background,1707660000,1707663600,22.7338,3.3858
STA-E13-ST10-4,ST10,13,96000.0,60000.0,6.00,rural_background,1707663600,1707667200,32.1387,3.3961
STA-E13-ST10-5,ST10,13,96000.0,60000.0,6.00,rural_background,1707667200,1707670800,67.7958,2.9300
STA-E13-ST11-0,ST11,13,176000.0,152000.0,5.00,suburban_background,1707649200,1707652800,4.9951,3.2170
STA-E13-ST11-1,ST11,13,176000.0,152000.0,5.00,suburban_background,1707652800,1707656400,2.4331,2.9615
STA-E13-ST11-2,ST11,13,176000.0,152000.0,5.00,suburban_background,1707656400,1707660000,2.2575,3.1582
STA-E13-ST11-3,ST11,13,176000.0,152000.0,5.00,suburban_background,1707660000,1707663600,-1.8672,3.7444
STA-E13-ST11-4,ST11,13,176000.0,152000.0,5.00,suburban_background,1707663600,1707667200,9.4404,3.7527
STA-E13-ST11-5,ST11,13,176000.0,152000.0,5.00,suburban_background,1707667200,1707670800,5.6501,3.3269
STA-E13-ST12-0,ST12,13,46000.0,158000.0,9.50,rural_background,1707649200,1707652800,3.6430,3.4479
STA-E13-ST12-1,ST12,13,46000.0,158000.0,9.50,rural_background,1707652800,1707656400,4.2031,3.2624
STA-E13-ST12-2,ST12,13,46000.0,158000.0,9.50,rural_background,1707656400,1707660000,2.9463,3.0106
STA-E13-ST12-3,ST12,13,46000.0,158000.0,9.50,rural_background,1707660000,1707663600,2.8318,3.2558
STA-E13-ST12-4,ST12,13,46000.0,158000.0,9.50,rural_background,1707663600,1707667200,10.2172,3.3886
STA-E13-ST12-5,ST12,13,46000.0,158000.0,9.50,rural_background,1707667200,1707670800,7.5415,2.7658
STA-E14-ST01-0,ST01,14,14000.0,118000.0,3.50,urban_traffic,1708077600,1708081200,5.8660,2.0203
STA-E14-ST01-1,ST01,14,14000.0,118000.0,3.50,urban_traffic,1708081200,1708084800,7.7541,2.2231
STA-E14-ST01-2,ST01,14,14000.0,118000.0,3.50,urban_traffic,1708084800,1708088400,9.9816,1.9941
STA-E14-ST01-3,ST01,14,14000.0,118000.0,3.50,urban_traffic,1708088400,1708092000,3.2252,2.0536
STA-E14-ST01-4,ST01,14,14000.0,118000.0,3.50,urban_traffic,1708092000,1708095600,4.0826,1.9965
STA-E14-ST01-5,ST01,14,14000.0,118000.0,3.50,urban_traffic,1708095600,1708099200,7.9559,2.1037
STA-E14-ST02-0,ST02,14,121500.0,101000.0,4.00,urban_background,1708077600,1708081200,21.3897,1.8341
STA-E14-ST02-1,ST02,14,121500.0,101000.0,4.00,urban_background,1708081200,1708084800,18.1002,2.0722
STA-E14-ST02-2,ST02,14,121500.0,101000.0,4.00,urban_background,1708084800,1708088400,27.2762,1.9194
STA-E14-ST02-3,ST02,14,121500.0,101000.0,4.00,urban_background,1708088400,1708092000,29.4410,1.8094
STA-E14-ST02-4,ST02,14,121500.0,101000.0,4.00,urban_background,1708092000,1708095600,41.2876,1.9043
STA-E14-ST02-5,ST02,14,121500.0,101000.0,4.00,urban_background,1708095600,1708099200,74.7861,1.9727
STA-E14-ST03-0,ST03,14,104000.0,88000.0,3.00,urban_traffic,1708077600,1708081200,13.3002,2.6479
STA-E14-ST03-1,ST03,14,104000.0,88000.0,3.00,urban_traffic,1708081200,1708084800,8.7408,2.7034
STA-E14-ST03-2,ST03,14,104000.0,88000.0,3.00,urban_traffic,1708084800,1708088400,16.3145,3.0655
STA-E14-ST03-3,ST03,14,104000.0,88000.0,3.00,urban_traffic,1708088400,1708092000,18.0471,3.1364
STA-E14-ST03-4,ST03,14,104000.0,88000.0,3.00,urban_traffic,1708092000,1708095600,29.1717,2.9995
STA-E14-ST03-5,ST03,14,104000.0,88000.0,3.00,urban_traffic,1708095600,1708099200,50.5845,2.9346
STA-E14-ST04-0,ST04,14,66000.0,132000.0,5.50,suburban_industrial,1708077600,1708081200,9.2965,2.8529
STA-E14-ST04-1,ST04,14,66000.0,132000.0,5.50,suburban_industrial,1708081200,1708084800,5.8572,3.0388
STA-E14-ST04-2,ST04,14,66000.0,132000.0,5.50,suburban_industrial,1708084800,1708088400,3.7104,2.9248
STA-E14-ST04-3,ST04,14,66000.0,132000.0,5.50,suburban_industrial,1708088400,1708092000,5.5770,3.4671
STA-E14-ST04-4,ST04,14,66000.0,132000.0,5.50,suburban_industrial,1708092000,1708095600,6.3827,2.9219
STA-E14-ST04-5,ST04,14,66000.0,132000.0,5.50,suburban_industrial,1708095600,1708099200,14.6923,2.8904
STA-E14-ST05-0,ST05,14,191000.0,92000.0,3.50,urban_traffic,1708077600,1708081200,26.8020,1.7265
STA-E14-ST05-1,ST05,14,191000.0,92000.0,3.50,urban_traffic,1708081200,1708084800,22.0893,1.9535
STA-E14-ST05-2,ST05,14,191000.0,92000.0,3.50,urban_traffic,1708084800,1708088400,25.8568,2.1176
STA-E14-ST05-3,ST05,14,191000.0,92000.0,3.50,urban_traffic,1708088400,1708092000,33.1097,2.1135
STA-E14-ST05-4,ST05,14,191000.0,92000.0,3.50,urban_traffic,1708092000,1708095600,52.2768,2.1494
STA-E14-ST05-5,ST05,14,191000.0,92000.0,3.50,urban_traffic,1708095600,1708099200,88.4387,1.8248
STA-E14-ST06-0,ST06,14,209000.0,118000.0,8.00,suburban_background,1708077600,1708081200,31.7277,2.8564
STA-E14-ST06-1,ST06,14,209000.0,118000.0,8.00,suburban_background,1708081200,1708084800,24.2091,2.7919
STA-E14-ST06-2,ST06,14,209000.0,118000.0,8.00,suburban_background,1708084800,1708088400,31.1459,2.8872
STA-E14-ST06-3,ST06,14,209000.0,118000.0,8.00,suburban_background,1708088400,1708092000,42.1889,3.1890
STA-E14-ST06-4,ST06,14,209000.0,118000.0,8.00,suburban_background,1708092000,1708095600,46.4141,3.5243
STA-E14-ST06-5,ST06,14,209000.0,118000.0,8.00,suburban_background,1708095600,1708099200,70.7655,2.8849
STA-E14-ST07-0,ST07,14,72000.0,24000.0,4.50,rural_background,1708077600,1708081200,3.5059,1.7799
STA-E14-ST07-1,ST07,14,72000.0,24000.0,4.50,rural_background,1708081200,1708084800,2.0582,2.0597
STA-E14-ST07-2,ST07,14,72000.0,24000.0,4.50,rural_background,1708084800,1708088400,5.1312,2.3682
STA-E14-ST07-3,ST07,14,72000.0,24000.0,4.50,rural_background,1708088400,1708092000,3.6416,2.3134
STA-E14-ST07-4,ST07,14,72000.0,24000.0,4.50,rural_background,1708092000,1708095600,8.3284,2.1808
STA-E14-ST07-5,ST07,14,72000.0,24000.0,4.50,rural_background,1708095600,1708099200,10.6418,2.1601
STA-E14-ST08-0,ST08,14,144000.0,28000.0,3.00,rural_traffic,1708077600,1708081200,3.5745,1.7742
STA-E14-ST08-1,ST08,14,144000.0,28000.0,3.00,rural_traffic,1708081200,1708084800,2.0651,1.9236
STA-E14-ST08-2,ST08,14,144000.0,28000.0,3.00,rural_traffic,1708084800,1708088400,-1.7573,2.0995
STA-E14-ST08-3,ST08,14,144000.0,28000.0,3.00,rural_traffic,1708088400,1708092000,5.9697,2.1775
STA-E14-ST08-4,ST08,14,144000.0,28000.0,3.00,rural_traffic,1708092000,1708095600,6.6171,1.6260
STA-E14-ST08-5,ST08,14,144000.0,28000.0,3.00,rural_traffic,1708095600,1708099200,10.5634,1.6728
STA-E14-ST09-0,ST09,14,30000.0,66000.0,4.00,suburban_traffic,1708077600,1708081200,7.5749,1.6477
STA-E14-ST09-1,ST09,14,30000.0,66000.0,4.00,suburban_traffic,1708081200,1708084800,7.3866,1.6600
STA-E14-ST09-2,ST09,14,30000.0,66000.0,4.00,suburban_traffic,1708084800,1708088400,6.3367,1.9607
STA-E14-ST09-3,ST09,14,30000.0,66000.0,4.00,suburban_traffic,1708088400,1708092000,7.8048,1.6725
STA-E14-ST09-4,ST09,14,30000.0,66000.0,4.00,suburban_traffic,1708092000,1708095600,18.0088,2.1347
STA-E14-ST09-5,ST09,14,30000.0,66000.0,4.00,suburban_traffic,1708095600,1708099200,23.2594,1.7111
STA-E14-ST10-0,ST10,14,96000.0,60000.0,6.00,rural_background,1708077600,1708081200,0.8682,2.9499
STA-E14-ST10-1,ST10,14,96000.0,60000.0,6.00,rural_background,1708081200,1708084800,-0.0106,3.7395
STA-E14-ST10-2,ST10,14,96000.0,60000.0,6.00,rural_background,1708084800,1708088400,4.3381,2.8914
STA-E14-ST10-3,ST10,14,96000.0,60000.0,6.00,rural_background,1708088400,1708092000,-1.7772,3.3859
STA-E14-ST10-4,ST10,14,96000.0,60000.0,6.00,rural_background,1708092000,1708095600,0.6541,3.2125
STA-E14-ST10-5,ST10,14,96000.0,60000.0,6.00,rural_background,1708095600,1708099200,7.5264,3.8808
STA-E14-ST11-0,ST11,14,176000.0,152000.0,5.00,suburban_background,1708077600,1708081200,3.1509,3.3362
STA-E14-ST11-1,ST11,14,176000.0,152000.0,5.00,suburban_background,1708081200,1708084800,5.7407,3.3247
STA-E14-ST11-2,ST11,14,176000.0,152000.0,5.00,suburban_background,1708084800,1708088400,1.0254,3.1838
STA-E14-ST11-3,ST11,14,176000.0,152000.0,5.00,suburban_background,1708088400,1708092000,2.1844,3.7185
STA-E14-ST11-4,ST11,14,176000.0,152000.0,5.00,suburban_background,1708092000,1708095600,3.3045,3.5865
STA-E14-ST11-5,ST11,14,176000.0,152000.0,5.00,suburban_background,1708095600,1708099200,10.0129,2.9824
STA-E14-ST12-0,ST12,14,46000.0,158000.0,9.50,rural_background,1708077600,1708081200,3.6284,2.8996
STA-E14-ST12-1,ST12,14,46000.0,158000.0,9.50,rural_background,1708081200,1708084800,3.0734,2.5949
STA-E14-ST12-2,ST12,14,46000.0,158000.0,9.50,rural_background,1708084800,1708088400,4.4307,2.6917
STA-E14-ST12-3,ST12,14,46000.0,158000.0,9.50,rural_background,1708088400,1708092000,6.4667,2.6338
STA-E14-ST12-4,ST12,14,46000.0,158000.0,9.50,rural_background,1708092000,1708095600,1.8791,3.4628
STA-E14-ST12-5,ST12,14,46000.0,158000.0,9.50,rural_background,1708095600,1708099200,5.1636,3.2395
